N	pheno	LRT_Variance	Pval_Variance	Sum of V(G)_Vp_SE	Sum of V(G)_Vp_Variance	V(G1)_SE	V(G1)_Variance	V(G1)_Vp_SE	V(G1)_Vp_Variance	V(G2)_SE	V(G2)_Variance	V(G2)_Vp_SE	V(G2)_Vp_Variance	V(G3)_SE	V(G3)_Variance	V(G3)_Vp_SE	V(G3)_Vp_Variance	V(G4)_SE	V(G4)_Variance	V(G4)_Vp_SE	V(G4)_Vp_Variance	V(e)_SE	V(e)_Variance	Vp_SE	Vp_Variance	df_Variance	logL_Variance	logL0_Variance	n_Variance
1000	pheno_13	0.0	0.5	2.571178	0.886804	1.475795	0.017131	1.276062	0.014812	1.502519	0.629426	1.298919	0.544236	1.528279	1e-06	1.321432	1e-06	1.443158	0.37906	1.247844	0.327755	2.973714	0.130915	0.055523	1.156533	1.0	-510.188	-505.475	1000.0
500	pheno_16	0.01	0.46042	4.741584	0.999999	2.508204	0.170022	2.31648	0.156994	2.480854	0.300641	2.291554	0.277603	2.54912	0.612321	2.354995	0.565401	2.460242	1e-06	2.271721	1e-06	5.135069	1e-06	0.068721	1.082986	1.0	-273.221	-273.226	500.0
1000	pheno_48	0.0	0.5	2.678346	0.32351	1.802872	0.259982	1.332754	0.192188	1.860521	1e-06	1.375366	1e-06	1.899196	1e-06	1.403957	1e-06	1.82687	0.177642	1.350611	0.13132	3.623983	0.91512	0.070796	1.352746	1.0	-519.765	-497.731	1000.0
1000	pheno_49	0.087	0.38373	2.312	0.385161	1.250845	0.024905	1.164931	0.023194	1.282361	1e-06	1.19426	1e-06	1.244353	1e-06	1.158864	1e-06	1.242795	0.388667	1.157465	0.361965	2.483123	0.660195	0.048048	1.07377	1.0	-538.9	-538.944	1000.0
1000	pheno_51	0.047	0.41384	2.332005	0.999999	1.304082	0.224794	1.162158	0.200304	1.344345	1e-06	1.197886	1e-06	1.278938	0.398597	1.139781	0.355172	1.312747	0.498872	1.169818	0.444522	2.617127	1e-06	0.050217	1.122265	1.0	-561.101	-561.125	1000.0
500	pheno_54	0.0	0.5	4.72142	0.999999	2.385777	1e-06	2.276534	1e-06	2.363478	0.593533	2.25708	0.566356	2.503503	0.190097	2.389632	0.181393	2.501047	0.264354	2.387498	0.252249	4.947984	1e-06	0.066498	1.047986	1.0	-266.485	-266.48	500.0
1000	pheno_57	0.86	0.17683	2.349924	0.966813	1.188116	0.819558	1.16564	0.804669	1.218573	0.165143	1.196544	0.162142	1.18389	1e-06	1.162382	1e-06	1.187992	1e-06	1.166409	1e-06	2.393412	0.033801	0.045578	1.018504	1.0	-512.216	-512.646	1000.0
500	pheno_69	0.0	0.5	5.95108	0.892504	4.432759	0.105384	3.068157	0.072937	3.996914	1e-06	2.766319	1e-06	3.856676	1e-06	2.669259	1e-06	4.255609	1.184148	2.946964	0.819565	8.599115	0.155316	0.110658	1.444849	1.0	-266.153	-250.415	500.0
500	pheno_73	0.025	0.43781	4.687319	0.999999	2.289576	0.26085	2.353313	0.268061	2.465212	0.488874	2.534176	0.502388	2.101393	0.223375	2.15995	0.22955	2.3279	1e-06	2.392251	1e-06	4.56123	1e-06	0.061721	0.9731	1.0	-246.065	-246.077	500.0
1000	pheno_75	0.971	0.1622	2.272989	0.999999	1.145264	0.633606	1.126518	0.623004	1.198069	0.230115	1.178409	0.226264	1.174696	1e-06	1.155038	1e-06	1.187557	0.153296	1.167965	0.15073	2.311674	1e-06	0.045484	1.017019	1.0	-517.319	-517.805	1000.0
500	pheno_81	0.0	0.5	4.688489	0.999999	2.563837	1e-06	2.31724	1e-06	2.538914	0.329046	2.295597	0.297398	2.537637	0.355998	2.294539	0.321757	2.557904	0.421372	2.312908	0.380843	5.187431	1e-06	0.070193	1.106419	1.0	-278.922	-278.918	500.0
1000	pheno_89	0.017	0.44871	2.17567	0.999999	1.225063	0.117678	1.158148	0.111246	1.223593	1e-06	1.156713	1e-06	1.197139	0.37947	1.131683	0.358728	1.196382	0.56067	1.13067	0.530024	2.301465	1e-06	0.047334	1.057819	1.0	-531.158	-531.166	1000.0
500	pheno_95	0.017	0.44785	4.730187	0.999999	2.399304	0.277178	2.349757	0.27136	2.534701	0.05299	2.481705	0.051878	2.273938	0.579231	2.227808	0.567073	2.439805	0.11204	2.388991	0.109688	4.831602	1e-06	0.064897	1.02144	1.0	-259.568	-259.577	500.0
1000	pheno_105	0.0	0.5	2.872508	0.811871	1.995673	0.301902	1.426628	0.215816	1.991949	1e-06	1.423949	1e-06	1.967928	0.550375	1.406964	0.393437	2.001323	0.283441	1.430826	0.202618	4.018411	0.263171	0.075319	1.39889	1.0	-516.844	-486.808	1000.0
200	pheno_111	0.023	0.43984	11.652539	0.999999	5.151956	1e-06	5.286646	1e-06	5.859375	0.393563	6.020795	0.403852	5.869382	0.136312	6.025605	0.139876	5.431314	0.444646	5.58184	0.45627	11.355661	1e-06	0.101895	0.974522	1.0	-102.866	-102.877	200.0
500	pheno_126	0.0	0.5	5.100828	0.733474	3.121133	1e-06	2.744855	1e-06	2.979256	0.762999	2.621021	0.671013	2.891927	0.071022	2.543437	0.06246	3.208823	1e-06	2.821973	1e-06	5.801377	0.303062	0.08314	1.137085	1.0	-223.01	-220.487	500.0
1000	pheno_131	2.033	0.076937	2.255232	0.941218	1.081338	0.125387	1.138241	0.131944	1.123027	1e-06	1.181751	1e-06	1.097891	1e-06	1.1553	1e-06	1.107673	0.769057	1.166372	0.809272	2.143116	0.055861	0.042472	0.950308	1.0	-488.138	-489.155	1000.0
1000	pheno_135	0.377	0.26965	2.32845	0.799267	1.155619	0.129334	1.17019	0.130949	1.15342	1e-06	1.167819	1e-06	1.159847	0.660076	1.174233	0.668316	1.15255	1e-06	1.166939	1e-06	2.299757	0.198258	0.044183	0.98767	1.0	-498.706	-498.895	1000.0
1000	pheno_136	37.253	5.1888e-10	2.592859	0.202226	1.621926	0.205767	1.318926	0.167324	1.638402	0.042919	1.332332	0.034901	1.653778	1e-06	1.344802	1e-06	1.580824	1e-06	1.285478	1e-06	3.189699	0.981066	0.06159	1.229755	1.0	-505.66	-524.287	1000.0
1000	pheno_147	0.045	0.41608	2.30519	0.999999	1.189824	0.329104	1.179506	0.326189	1.162007	0.249882	1.151989	0.247669	1.199369	0.429948	1.189009	0.42614	1.156564	1e-06	1.14632	1e-06	2.32579	1e-06	0.045131	1.008936	1.0	-509.973	-509.995	1000.0
500	pheno_154	0.0	0.5	5.379341	0.901416	3.565612	0.961491	2.645968	0.713325	3.679915	1e-06	2.730108	1e-06	3.350132	0.253527	2.485967	0.18809	3.37196	1e-06	2.501638	1e-06	7.25143	0.132881	0.093232	1.347901	1.0	-287.739	-284.31	500.0
1000	pheno_157	0.0	0.5	2.764676	0.999999	1.811611	0.529921	1.367357	0.399951	1.833874	0.227778	1.384142	0.171913	1.866467	0.567264	1.408802	0.428135	1.83981	1e-06	1.388573	1e-06	3.663097	1e-06	0.069873	1.324964	1.0	-503.84	-479.762	1000.0
1000	pheno_159	0.316	0.28691	2.253174	0.483487	1.202679	0.180587	1.17107	0.175819	1.16603	1e-06	1.135244	1e-06	1.199495	0.316009	1.168024	0.307666	1.190751	1e-06	1.159313	1e-06	2.314559	0.530519	0.045952	1.027118	1.0	-517.184	-517.343	1000.0
1000	pheno_165	0.0	0.5	2.705918	0.858774	1.558914	1e-06	1.334076	1e-06	1.533631	0.573662	1.312376	0.490924	1.500616	1e-06	1.284186	1e-06	1.548774	0.429843	1.325454	0.367848	3.162046	0.165027	0.058447	1.168534	1.0	-481.124	-469.584	1000.0
1000	pheno_170	0.111	0.36962	2.262314	0.999999	1.129589	0.304891	1.171004	0.316081	1.153918	0.610069	1.195762	0.632459	1.127212	1e-06	1.168582	1e-06	1.129619	0.049636	1.17111	0.051458	2.182224	1e-06	0.043166	0.964598	1.0	-485.017	-485.072	1000.0
1000	pheno_185	0.097	0.37761	2.252127	0.999999	1.264388	0.391798	1.185927	0.367367	1.191439	1e-06	1.117147	1e-06	1.189356	0.590692	1.115641	0.55386	1.241964	0.08401	1.164673	0.078771	2.401898	1e-06	0.047722	1.066502	1.0	-537.011	-537.06	1000.0
1000	pheno_196	0.02	0.44355	2.280755	0.999999	1.141337	0.129037	1.163507	0.131523	1.157565	1e-06	1.179861	1e-06	1.130826	0.326127	1.152957	0.332409	1.140558	0.525937	1.162787	0.536067	2.237656	1e-06	0.043898	0.981103	1.0	-494.824	-494.834	1000.0
1000	pheno_201	0.605	0.21842	2.273481	0.999999	1.135429	0.704725	1.15085	0.714506	1.18085	0.061002	1.197319	0.061849	1.16397	1e-06	1.180125	1e-06	1.097008	0.220582	1.112437	0.223644	2.24236	1e-06	0.044139	0.986311	1.0	-496.695	-496.997	1000.0
1000	pheno_222	1.632	0.10074	2.321277	0.999999	1.360844	0.007148	1.233035	0.006477	1.335729	0.211856	1.210323	0.191958	1.314665	0.863795	1.190225	0.782667	1.337573	0.020856	1.21196	0.018897	2.561891	1e-06	0.051109	1.103656	1.0	-519.329	-520.145	1000.0
1000	pheno_226	0.018	0.44613	2.365151	0.999999	1.126319	0.104693	1.174917	0.1092	1.091868	1e-06	1.138875	1e-06	1.187685	0.133486	1.238964	0.139233	1.131286	0.720544	1.179546	0.751565	2.26753	1e-06	0.042908	0.958725	1.0	-482.355	-482.364	1000.0
150	pheno_231	0.0	0.5	15.013693	0.999999	7.063532	0.27091	7.394864	0.28331	7.756566	1e-06	8.111586	1e-06	7.356582	0.103868	7.696672	0.108622	7.183659	0.581453	7.53151	0.608066	14.356586	1e-06	0.12184	0.956233	1.0	-77.49	-77.445	150.0
1000	pheno_234	0.0	0.5	2.614699	0.818853	1.583764	1e-06	1.312585	1e-06	1.621349	0.162607	1.343782	0.134764	1.614371	0.25482	1.338086	0.211189	1.631098	0.570599	1.351772	0.472899	3.154965	0.218572	0.061353	1.206599	1.0	-484.518	-469.56	1000.0
1000	pheno_243	0.0	0.5	2.253296	0.779926	1.218999	1e-06	1.166743	1e-06	1.263624	0.198761	1.209582	0.19024	1.20077	1e-06	1.149296	1e-06	1.215142	0.616095	1.16284	0.589684	2.354276	0.22993	0.046747	1.044788	1.0	-525.404	-525.365	1000.0
1000	pheno_265	0.777	0.18906	2.400279	0.711811	1.158857	0.033653	1.141755	0.033155	1.241457	1e-06	1.223069	1e-06	1.1895	0.688857	1.172127	0.678654	1.193553	1e-06	1.175875	1e-06	2.436369	0.292522	0.045399	1.015034	1.0	-513.559	-513.947	1000.0
1000	pheno_269	0.0	0.5	2.431179	0.999999	1.426132	0.129765	1.237346	0.112583	1.524223	0.036824	1.322415	0.031948	1.447516	0.006004	1.25585	0.005209	1.418625	0.980029	1.229631	0.85026	2.802232	1e-06	0.055049	1.152623	1.0	-513.153	-510.942	1000.0
500	pheno_276	0.0	0.5	4.539213	0.392669	2.387931	1e-06	2.275822	1e-06	2.445346	0.02288	2.330638	0.021806	2.469266	0.389129	2.3547	0.37086	2.439053	1e-06	2.324543	1e-06	4.765013	0.637249	0.066541	1.049261	1.0	-266.092	-265.989	500.0
1000	pheno_282	0.0	0.5	2.380029	0.098909	1.168597	1e-06	1.188788	1e-06	1.1761	0.050058	1.196538	0.050923	1.136476	1e-06	1.156112	1e-06	1.150932	0.047169	1.170929	0.047984	2.340124	0.885787	0.043987	0.983015	1.0	-500.62	-500.047	1000.0
1000	pheno_285	0.0	0.5	2.46645	0.740543	1.489071	1e-06	1.300588	1e-06	1.401691	0.102062	1.224303	0.089143	1.46027	1e-06	1.275433	1e-06	1.456271	0.7458	1.271454	0.651398	2.82404	0.297058	0.055483	1.144921	1.0	-497.027	-490.991	1000.0
1000	pheno_299	0.0	0.5	2.307693	0.281777	1.056333	1e-06	1.119491	1e-06	1.109889	0.051353	1.176327	0.054423	1.111189	1e-06	1.177627	1e-06	1.098841	0.214525	1.164753	0.227352	2.178022	0.677703	0.042222	0.943583	1.0	-476.195	-475.998	1000.0
1000	pheno_304	0.0	0.5	2.634907	0.999999	1.705582	0.22882	1.377487	0.184801	1.622819	1e-06	1.310631	1e-06	1.591261	0.35368	1.28528	0.285641	1.735893	0.655695	1.401846	0.529556	3.262531	1e-06	0.063516	1.238196	1.0	-490.421	-473.361	1000.0
500	pheno_309	0.0	0.5	4.407234	0.999999	2.432593	0.120237	2.358631	0.11656	2.37064	0.179431	2.29881	0.173944	2.427524	0.731875	2.354936	0.709494	2.300883	1e-06	2.230523	1e-06	4.546258	1e-06	0.065453	1.031545	1.0	-261.915	-261.914	500.0
1000	pheno_322	0.0	0.5	2.8674	0.999999	2.107364	1.309865	1.450268	0.902001	2.057937	0.048545	1.417183	0.033429	2.036838	0.093764	1.402652	0.064568	2.021332	1e-06	1.391932	1e-06	4.163971	1e-06	0.078391	1.452177	1.0	-533.16	-509.654	1000.0
1000	pheno_334	0.0	0.5	2.619783	0.727929	1.867909	1e-06	1.294493	1e-06	1.929986	0.211337	1.337565	0.14646	2.067001	0.470679	1.43262	0.326188	1.950238	0.36836	1.351697	0.25528	3.780407	0.392589	0.0757	1.442966	1.0	-550.721	-528.085	1000.0
500	pheno_334	0.011	0.45891	4.520626	0.999999	2.295008	0.199182	2.335315	0.202636	2.206516	1e-06	2.244772	1e-06	2.44928	0.125269	2.492156	0.12744	2.263863	0.658505	2.30379	0.669922	4.443584	1e-06	0.062384	0.982958	1.0	-248.953	-248.958	500.0
1000	pheno_350	0.0	0.5	2.63724	0.574365	1.699417	1e-06	1.323402	1e-06	1.671342	0.383989	1.301621	0.299027	1.67575	0.236023	1.30509	0.1838	1.619404	0.117545	1.261132	0.091537	3.386954	0.54657	0.063565	1.284127	1.0	-536.913	-527.4	1000.0
1000	pheno_358	0.0	0.5	2.362077	0.999999	1.09823	1e-06	1.182382	1e-06	1.120055	0.256117	1.206181	0.275742	1.103681	0.048733	1.188338	0.052467	1.095278	0.623977	1.179214	0.671789	2.193965	1e-06	0.041559	0.928829	1.0	-468.197	-468.194	1000.0
1000	pheno_376	0.0	0.5	2.322454	0.999999	1.135507	1e-06	1.17388	1e-06	1.15569	0.43284	1.195153	0.447468	1.095449	0.494332	1.132875	0.511038	1.092871	0.040136	1.129885	0.041493	2.246536	1e-06	0.043282	0.967311	1.0	-488.472	-488.471	1000.0
1000	pheno_395	0.0	0.5	2.832505	0.999999	1.799803	1e-06	1.391684	1e-06	1.82249	1.197696	1.408261	0.926109	1.80155	0.016683	1.393046	0.0129	1.807568	0.078875	1.397754	0.060989	3.663152	1e-06	0.068055	1.293255	1.0	-493.247	-493.014	1000.0
1000	pheno_396	25.172	2.6216e-07	2.461239	0.127011	1.5775	0.099672	1.24368	0.078576	1.607226	0.061435	1.267087	0.048433	1.599925	1e-06	1.261306	1e-06	1.558414	1e-06	1.22858	1e-06	3.123376	1.107358	0.062319	1.268467	1.0	-536.749	-549.335	1000.0
500	pheno_398	0.0	0.5	5.121344	0.999999	3.133987	0.507405	2.682204	0.434138	3.187291	1e-06	2.727058	1e-06	3.016827	0.420958	2.581939	0.360173	3.152281	0.240401	2.697482	0.205688	5.985648	1e-06	0.084395	1.168765	1.0	-234.708	-227.035	500.0
1000	pheno_401	0.0	0.5	2.251286	0.585223	1.301168	0.590367	1.231077	0.558791	1.289109	0.027924	1.220176	0.026431	1.217576	1e-06	1.152454	1e-06	1.245272	1e-06	1.178668	1e-06	2.378819	0.438214	0.048573	1.056507	1.0	-504.221	-503.643	1000.0
1000	pheno_422	0.0	0.5	2.564681	0.985766	1.671947	1e-06	1.280237	1e-06	1.730201	1e-06	1.324844	1e-06	1.681376	0.051353	1.287481	0.039322	1.704671	1.236022	1.304134	0.946442	3.34939	0.018589	0.066512	1.305966	1.0	-522.386	-519.695	1000.0
1000	pheno_424	5.271	0.010839	2.520651	0.280583	1.419446	0.173426	1.281191	0.156527	1.355766	1e-06	1.223661	1e-06	1.380379	0.06486	1.245906	0.05854	1.38432	0.072587	1.249476	0.065514	2.793702	0.797085	0.052375	1.107959	1.0	-502.439	-505.075	1000.0
1000	pheno_430	0.014	0.45214	2.268693	0.999999	1.148682	0.150435	1.170243	0.153245	1.103676	0.156519	1.124423	0.159443	1.149399	0.042151	1.17092	0.042938	1.147949	0.632554	1.169099	0.644372	2.227085	1e-06	0.043935	0.98166	1.0	-494.267	-494.274	1000.0
1000	pheno_446	21.931	1.4134e-06	2.637295	0.661418	1.697739	0.423478	1.354066	0.337742	1.700876	1e-06	1.356526	1e-06	1.65413	0.231319	1.319374	0.184488	1.614664	0.174519	1.28781	0.139187	3.306998	0.424531	0.063641	1.253848	1.0	-505.014	-515.979	1000.0
1000	pheno_448	0.0	0.5	2.279088	0.587516	1.191738	1e-06	1.188919	1e-06	1.215991	0.232366	1.213147	0.231816	1.17473	1e-06	1.171952	1e-06	1.166043	0.356542	1.163217	0.355698	2.284807	0.413462	0.044855	1.002371	1.0	-504.213	-504.209	1000.0
1000	pheno_455	0.0	0.5	2.715648	0.999999	1.961529	1.084921	1.352063	0.748078	2.09618	0.149444	1.445485	0.103045	2.046503	0.001167	1.411112	0.000805	2.045282	0.214744	1.410416	0.148071	3.938441	1e-06	0.078021	1.450277	1.0	-535.112	-505.631	1000.0
1000	pheno_457	0.011	0.45844	2.373145	0.999999	1.197687	0.101946	1.171482	0.099705	1.211161	0.110003	1.184681	0.107585	1.202643	0.33997	1.176487	0.332496	1.189327	0.470558	1.163406	0.460213	2.426492	1e-06	0.045761	1.022479	1.0	-515.44	-515.445	1000.0
1000	pheno_465	0.066	0.39835	2.355614	0.978539	1.101429	0.012475	1.209685	0.013701	1.04115	0.303034	1.143531	0.332815	1.084983	0.575468	1.191215	0.632022	1.108656	1e-06	1.21761	1e-06	2.144833	0.01954	0.040739	0.910518	1.0	-456.723	-456.757	1000.0
500	pheno_470	0.0	0.5	4.831789	0.929717	2.768815	0.044686	2.455811	0.039633	2.811561	0.514963	2.494419	0.456733	2.790051	1e-06	2.474566	1e-06	2.795434	0.488599	2.479954	0.43335	5.448113	0.079243	0.07682	1.127491	1.0	-249.386	-246.933	500.0
1000	pheno_487	0.0	0.5	2.344477	0.959426	1.093607	1e-06	1.215589	1e-06	1.045881	0.224507	1.162748	0.249548	1.031053	1e-06	1.146058	1e-06	1.024703	0.638641	1.138831	0.709876	2.109207	0.036502	0.040245	0.899652	1.0	-451.524	-451.506	1000.0
1000	pheno_511	0.094	0.37932	2.342133	0.999999	1.204617	0.329786	1.146806	0.313981	1.209008	0.086667	1.151105	0.082514	1.216615	0.633882	1.157793	0.603503	1.255345	1e-06	1.195183	1e-06	2.46003	1e-06	0.047004	1.050337	1.0	-527.558	-527.606	1000.0
1000	pheno_539	0.0	0.5	2.537314	0.999999	1.409144	0.499019	1.294381	0.458435	1.407045	0.074068	1.292647	0.068044	1.410842	0.51544	1.296019	0.47352	1.38119	1e-06	1.26886	1e-06	2.761937	1e-06	0.053151	1.088528	1.0	-465.427	-458.372	1000.0
1000	pheno_548	51.439	3.6926e-13	2.311358	0.999999	1.19311	0.576818	1.177622	0.569286	1.246864	0.253101	1.230844	0.249796	1.185493	0.18331	1.170249	0.180916	1.150909	1e-06	1.13588	1e-06	2.34194	1e-06	0.045334	1.013231	1.0	-510.872	-536.592	1000.0
1000	pheno_552	0.24	0.31205	2.269107	0.999999	1.069049	0.532925	1.122639	0.559059	1.081722	1e-06	1.134768	1e-06	1.053842	0.091861	1.105853	0.096365	1.08422	0.328467	1.138309	0.344574	2.163036	1e-06	0.042641	0.953254	1.0	-488.189	-488.309	1000.0
1000	pheno_554	0.0	0.5	2.425577	0.999999	1.170677	0.112734	1.207711	0.116275	1.152047	1e-06	1.188239	1e-06	1.137884	0.439933	1.174358	0.453754	1.118017	0.416873	1.153832	0.429969	2.351698	1e-06	0.043384	0.969542	1.0	-490.598	-490.593	1000.0
1000	pheno_565	0.038	0.42247	2.310362	0.999999	1.214517	0.165915	1.174134	0.160384	1.228524	1e-06	1.187569	1e-06	1.197103	0.635997	1.156977	0.614796	1.169423	0.232571	1.130571	0.224818	2.390037	1e-06	0.046284	1.034486	1.0	-520.507	-520.526	1000.0
1000	pheno_573	0.049	0.41278	2.294203	0.999999	1.11684	0.165362	1.149499	0.170186	1.195071	1e-06	1.229933	1e-06	1.146558	0.648773	1.179558	0.667699	1.1321	0.157518	1.165221	0.162113	2.229176	1e-06	0.043478	0.971656	1.0	-488.863	-488.887	1000.0
250	pheno_580	0.008	0.46477	9.990886	0.999999	5.258293	0.348656	4.662199	0.308926	5.529942	0.069715	4.900581	0.06177	5.277557	1e-06	4.676168	1e-06	5.411663	0.710234	4.801736	0.629302	11.275787	1e-06	0.103623	1.128607	1.0	-142.967	-142.971	250.0
1000	pheno_580	0.078	0.39024	2.237031	0.883523	1.080921	0.131685	1.136266	0.138421	1.099696	1e-06	1.155948	1e-06	1.082097	0.211198	1.137536	0.222001	1.118215	0.497645	1.175171	0.5231	2.128202	0.110809	0.042565	0.951338	1.0	-478.415	-478.454	1000.0
1000	pheno_613	0.021	0.44305	2.25914	0.999999	1.19933	0.151352	1.193363	0.150587	1.152818	0.741759	1.146478	0.73801	1.170399	0.111967	1.16458	0.111401	1.139858	1e-06	1.134096	1e-06	2.270617	1e-06	0.044977	1.00508	1.0	-505.784	-505.795	1000.0
500	pheno_617	0.0	0.5	4.657046	0.999999	2.013018	0.017554	2.343082	0.020431	2.096405	0.051477	2.440289	0.059915	2.024287	1e-06	2.356132	1e-06	2.019058	0.790125	2.350854	0.919651	4.001134	1e-06	0.054529	0.859157	1.0	-215.419	-215.419	500.0
1000	pheno_637	0.0	0.5	2.706461	0.838355	2.009477	0.353759	1.443628	0.254123	1.972611	0.193867	1.417151	0.139264	1.925518	0.619431	1.383286	0.444967	1.85222	1e-06	1.33054	1e-06	3.767728	0.225023	0.073594	1.392081	1.0	-527.197	-502.56	1000.0
1000	pheno_658	0.425	0.25712	2.288095	0.999999	1.199308	0.601115	1.17931	0.591156	1.174659	0.39041	1.155378	0.383942	1.171213	0.025319	1.151847	0.0249	1.151402	1e-06	1.132327	1e-06	2.326639	1e-06	0.045499	1.016846	1.0	-512.369	-512.582	1000.0
1000	pheno_659	0.0	0.5	2.336059	0.623222	1.133954	1e-06	1.164164	1e-06	1.159035	0.467661	1.190163	0.48012	1.119191	1e-06	1.149008	1e-06	1.136946	0.139386	1.167429	0.143099	2.275515	0.367001	0.043573	0.97405	1.0	-491.586	-491.432	1000.0
1000	pheno_660	0.0	0.5	2.281641	0.999999	1.136311	1e-06	1.188386	1e-06	1.129695	0.474771	1.181609	0.496529	1.154384	0.20194	1.207502	0.211195	1.105099	0.279467	1.155982	0.292275	2.181659	1e-06	0.042788	0.95618	1.0	-481.435	-481.435	1000.0
1000	pheno_676	0.025	0.43709	2.327559	0.999999	1.078453	0.151817	1.168121	0.164428	1.066162	1e-06	1.15473	1e-06	1.038995	0.755403	1.124479	0.818155	1.050499	0.016079	1.137783	0.017414	2.149035	1e-06	0.041322	0.9233	1.0	-463.241	-463.253	1000.0
1000	pheno_681	0.597	0.21977	2.239683	0.999999	1.108388	0.608871	1.130997	0.621411	1.174323	0.303519	1.198659	0.30977	1.109703	0.067429	1.132639	0.068818	1.119944	1e-06	1.143009	1e-06	2.194488	1e-06	0.043842	0.979821	1.0	-493.497	-493.796	1000.0
1000	pheno_699	0.0	0.5	2.732085	0.370741	1.962198	1e-06	1.365474	1e-06	2.0221	0.301159	1.407195	0.209574	2.022005	1e-06	1.407094	1e-06	2.055006	0.231597	1.430203	0.161166	3.926779	0.90425	0.076721	1.437008	1.0	-535.887	-508.208	1000.0
1000	pheno_704	0.012	0.45575	2.336353	0.999999	1.179384	0.171852	1.201788	0.175083	1.180409	1e-06	1.202605	1e-06	1.124808	0.309431	1.146315	0.315249	1.128385	0.500259	1.14991	0.509666	2.293232	1e-06	0.043913	0.981543	1.0	-495.451	-495.457	1000.0
1000	pheno_713	0.0	0.5	2.548441	0.999999	1.772663	1e-06	1.363811	1e-06	1.667386	0.036874	1.282832	0.028369	1.695629	1.01764	1.303897	0.782929	1.667148	0.24527	1.28274	0.188701	3.31243	1e-06	0.065309	1.299787	1.0	-530.732	-529.789	1000.0
1000	pheno_714	0.012	0.45728	2.355818	0.999999	1.186417	0.108354	1.155731	0.105547	1.20455	0.310771	1.173391	0.302718	1.211614	0.060659	1.180267	0.059087	1.202161	0.546816	1.170782	0.532647	2.418487	1e-06	0.045942	1.026602	1.0	-516.343	-516.349	1000.0
1000	pheno_730	0.216	0.32106	2.309025	0.440339	1.162776	0.205263	1.148938	0.202802	1.19412	0.240417	1.179941	0.237535	1.1626	1e-06	1.148663	1e-06	1.19561	1e-06	1.181276	1e-06	2.337472	0.566452	0.045287	1.012134	1.0	-509.361	-509.469	1000.0
500	pheno_741	0.0	0.5	4.3853	0.679762	2.102981	1e-06	2.276353	1e-06	2.101559	0.264649	2.275923	0.286467	2.136513	0.363339	2.314218	0.393294	2.147583	1e-06	2.324633	1e-06	4.052094	0.295848	0.058547	0.923838	1.0	-235.019	-234.936	500.0
1000	pheno_741	0.0	0.5	2.632336	0.999999	1.926563	0.20683	1.360812	0.146089	1.962656	1e-06	1.386271	1e-06	1.936047	0.396196	1.367639	0.279843	1.880426	0.812753	1.328063	0.574067	3.726812	1e-06	0.073921	1.415781	1.0	-544.189	-522.685	1000.0
500	pheno_749	3.948	0.023461	4.998447	0.323722	2.836047	0.161252	2.472439	0.14056	3.012009	0.098267	2.625742	0.085657	2.696592	0.111858	2.350792	0.097504	2.86575	1e-06	2.498009	1e-06	5.738052	0.775836	0.07861	1.147214	1.0	-251.42	-253.394	500.0
1000	pheno_750	0.073	0.39369	2.355511	0.999999	1.186977	0.209998	1.132405	0.200333	1.219638	0.046733	1.163541	0.044582	1.228779	1e-06	1.172224	1e-06	1.220416	0.791512	1.163434	0.755083	2.469155	1e-06	0.046913	1.048246	1.0	-526.561	-526.598	1000.0
1000	pheno_755	0.0	0.5	2.354902	0.999999	1.213394	0.066778	1.184149	0.065164	1.198673	0.015482	1.169723	0.015108	1.180283	0.433062	1.152011	0.422594	1.175549	0.509447	1.147302	0.497133	2.413234	1e-06	0.045866	1.02477	1.0	-516.425	-516.425	1000.0
1000	pheno_769	0.0	0.5	2.340842	0.999999	1.143618	1e-06	1.161163	1e-06	1.186873	0.065801	1.205142	0.066811	1.210814	0.662853	1.228914	0.673023	1.170086	0.256233	1.18813	0.260165	2.305472	1e-06	0.044073	0.98489	1.0	-495.635	-495.635	1000.0
1000	pheno_776	41.496	5.9063e-11	2.352561	0.999999	1.155773	0.252024	1.188016	0.259015	1.097507	1e-06	1.127952	1e-06	1.180162	0.162282	1.213088	0.166783	1.141158	0.558701	1.172797	0.5742	2.289061	1e-06	0.043535	0.973008	1.0	-490.241	-510.989	1000.0
1000	pheno_786	0.0	0.5	2.362394	0.839274	1.16252	0.341176	1.178328	0.345855	1.1984	0.011763	1.214843	0.011924	1.236811	0.474979	1.253521	0.481493	1.162306	1e-06	1.178247	1e-06	2.330506	0.158552	0.044704	0.98647	1.0	-483.815	-483.711	1000.0
1000	pheno_787	0.007	0.46635	2.325788	0.903071	1.171814	0.031232	1.129263	0.030097	1.238354	1e-06	1.193371	1e-06	1.218622	0.430935	1.174218	0.415282	1.202713	0.474943	1.158808	0.457691	2.413494	0.100583	0.046435	1.037694	1.0	-521.522	-521.526	1000.0
1000	pheno_791	0.405	0.26228	2.345905	0.99467	1.196739	0.436833	1.161407	0.423959	1.159947	0.269373	1.125861	0.261434	1.253775	1e-06	1.216823	1e-06	1.198097	0.318668	1.162856	0.309276	2.417145	0.005492	0.046096	1.030367	1.0	-518.559	-518.762	1000.0
1000	pheno_793	0.0	0.5	2.344465	0.529382	1.16464	1e-06	1.171677	1e-06	1.148551	1e-06	1.155491	1e-06	1.147879	0.497268	1.15487	0.500272	1.168552	0.028933	1.175651	0.029108	2.330651	0.467791	0.044475	0.993994	1.0	-500.725	-500.629	1000.0
1000	pheno_809	0.0	0.5	2.592642	0.999999	1.839535	1e-06	1.332902	1e-06	1.910387	0.264013	1.384286	0.1913	1.849734	1.043902	1.339817	0.756397	1.901956	0.072182	1.378188	0.052302	3.578101	1e-06	0.071714	1.380099	1.0	-535.015	-534.779	1000.0
1000	pheno_816	0.009	0.46181	2.281991	0.883181	1.212184	0.019549	1.2023	0.01939	1.212659	1e-06	1.202761	1e-06	1.173358	0.870898	1.162526	0.863789	1.134224	1e-06	1.124966	1e-06	2.300817	0.117781	0.045127	1.00823	1.0	-506.973	-506.977	1000.0
1000	pheno_818	0.0	0.5	2.34022	0.348547	1.089062	1e-06	1.145644	1e-06	1.088563	0.239882	1.145389	0.252345	1.037032	0.091449	1.091059	0.0962	1.15247	1e-06	1.212347	1e-06	2.225036	0.619279	0.042532	0.950611	1.0	-479.356	-479.151	1000.0
1000	pheno_828	0.0	0.5	2.776106	0.999999	1.997278	0.242054	1.410034	0.170882	1.914102	0.356076	1.351463	0.251378	2.000959	0.047213	1.412653	0.033331	1.976414	0.771151	1.395224	0.544408	3.932341	1e-06	0.074414	1.416495	1.0	-540.19	-517.109	1000.0
1000	pheno_848	0.0	0.5	2.331932	0.999999	1.034869	0.010632	1.138584	0.011697	1.048647	0.40329	1.153909	0.443701	1.079022	0.494999	1.187264	0.5446	1.056882	1e-06	1.162786	1e-06	2.119544	1e-06	0.040668	0.908922	1.0	-456.209	-456.209	1000.0
1000	pheno_850	0.0	0.5	2.415444	0.357223	1.249262	1e-06	1.23184	1e-06	1.180188	0.209826	1.16383	0.2069	1.179604	0.152447	1.163241	0.150321	1.147692	1e-06	1.131687	1e-06	2.45026	0.651868	0.045383	1.014143	1.0	-510.15	-510.129	1000.0
1000	pheno_854	0.052	0.40999	2.362857	0.999999	1.200541	0.241417	1.176015	0.236468	1.163213	0.665034	1.139023	0.651403	1.187887	0.017133	1.163558	0.016781	1.232946	0.097341	1.207754	0.095346	2.412301	1e-06	0.045693	1.020925	1.0	-513.699	-513.724	1000.0
1000	pheno_865	0.0	0.5	2.652135	0.869305	1.69215	1e-06	1.33972	1e-06	1.742134	0.062939	1.379324	0.04983	1.691308	0.581281	1.339097	0.460216	1.699302	0.453766	1.345491	0.359258	3.349852	0.165076	0.065695	1.263062	1.0	-490.342	-480.389	1000.0
1000	pheno_881	0.746	0.19388	2.28397	0.999999	1.031887	0.600633	1.101369	0.640719	1.072877	0.206922	1.14493	0.220732	1.091553	1e-06	1.164403	1e-06	1.126334	0.129879	1.201809	0.138547	2.141076	1e-06	0.041942	0.937436	1.0	-474.155	-474.528	1000.0
500	pheno_884	0.0	0.5	4.527418	0.625557	2.350975	1e-06	2.321302	1e-06	2.338451	0.424867	2.309593	0.419504	2.341826	1e-06	2.312268	1e-06	2.240497	0.208685	2.21263	0.206051	4.586834	0.37923	0.064244	1.012783	1.0	-255.899	-255.895	500.0
1000	pheno_885	0.473	0.2458	2.232822	0.999999	1.113468	0.698237	1.148267	0.720636	1.141266	0.061501	1.177914	0.063474	1.133768	0.209178	1.170191	0.215889	1.122427	1e-06	1.158433	1e-06	2.163422	1e-06	0.043366	0.968918	1.0	-487.197	-487.433	1000.0
250	pheno_894	0.0	0.5	9.176963	0.840371	4.436112	1e-06	4.523459	1e-06	4.433389	0.225649	4.523943	0.230092	4.51632	0.598493	4.613007	0.610277	4.502979	1e-06	4.591642	1e-06	9.002195	0.156547	0.089374	0.98069	1.0	-126.476	-126.458	250.0
1000	pheno_896	0.0	0.5	2.705766	0.999999	1.884514	0.138932	1.424869	0.105043	1.82279	0.768073	1.378021	0.580724	1.759262	1e-06	1.33014	1e-06	1.787493	0.415607	1.35161	0.314231	3.578683	1e-06	0.068133	1.322614	1.0	-520.207	-517.355	1000.0
1000	pheno_904	59.915	4.9405e-15	2.29346	0.929568	1.25971	1e-06	1.201878	1e-06	1.232306	0.522799	1.175807	0.498798	1.224263	0.451496	1.168196	0.430768	1.223703	1e-06	1.167524	1e-06	2.403814	0.073821	0.046885	1.048118	1.0	-527.268	-557.225	1000.0
1000	pheno_933	0.0	0.5	2.495982	0.999999	1.471043	0.165234	1.266606	0.142263	1.480234	0.048976	1.274494	0.042168	1.481177	0.78909	1.274769	0.679393	1.489981	0.158162	1.282893	0.136175	2.898988	1e-06	0.056536	1.161462	1.0	-500.585	-493.923	1000.0
1000	pheno_949	3.161	0.037711	2.765994	0.999999	1.793757	1e-06	1.355829	1e-06	1.72589	0.009588	1.304536	0.007247	1.812124	0.277156	1.369883	0.209491	1.866435	1.036251	1.410138	0.78326	3.659402	1e-06	0.068587	1.322997	1.0	-515.598	-517.178	1000.0
1000	pheno_957	0.037	0.42324	2.272726	0.999999	1.231729	0.214203	1.163937	0.202401	1.211408	0.339283	1.144718	0.320589	1.223321	0.141752	1.156011	0.133942	1.219029	0.363071	1.151894	0.343067	2.40525	1e-06	0.047358	1.05831	1.0	-531.629	-531.648	1000.0
500	pheno_960	0.126	0.36108	4.750404	0.999999	2.102643	0.501207	2.274537	0.542001	2.287707	0.166883	2.474415	0.180466	2.115388	0.256642	2.288142	0.277531	2.244777	1e-06	2.427485	1e-06	4.39286	1e-06	0.058664	0.924734	1.0	-233.467	-233.53	500.0
1000	pheno_961	0.0	0.5	2.602848	0.999999	1.746053	0.820693	1.363274	0.640971	1.744838	0.300757	1.362853	0.234895	1.586142	1e-06	1.238795	1e-06	1.673615	0.158938	1.307158	0.124133	3.332663	1e-06	0.064487	1.280391	1.0	-521.342	-508.696	1000.0
1000	pheno_975	0.222	0.3187	2.309513	0.648967	1.158471	0.309743	1.179162	0.315273	1.166248	0.169659	1.187157	0.172688	1.146524	0.158181	1.167085	0.161005	1.110627	1e-06	1.130455	1e-06	2.269204	0.344876	0.043959	0.98246	1.0	-494.652	-494.763	1000.0
1000	pheno_992	0.0	0.5	2.674686	0.787238	2.061258	1e-06	1.356863	1e-06	2.13033	0.998795	1.402113	0.657476	2.0461	1e-06	1.346885	1e-06	2.152739	0.197124	1.417132	0.12976	4.063303	0.323214	0.080514	1.519135	1.0	-568.567	-547.659	1000.0
1000	pheno_993	12.92	0.00016254	2.528053	0.941957	1.667055	1e-06	1.293298	1e-06	1.625352	1.207299	1.259665	0.93662	1.716834	0.006877	1.331921	0.005335	1.683926	1e-06	1.306386	1e-06	3.258683	0.074817	0.063013	1.288995	1.0	-548.866	-555.326	1000.0
