"id","genome_fraction","observed_region_hits","fold_enrichment","p_value","p_adjust","mean_tss_dist","observed_gene_hits","gene_set_size","fold_enrichment_hyper","p_value_hyper","p_adjust_hyper"
"Acetylation",0.267370295134053,1198,1.15809699011088,2.70000355406808e-09,9.58501261694167e-07,139027,527,1423,1.04270242119598,0.0999211937832232,0.723306061851293
"Reference proteome",0.967683397673906,3793,1.0130965186233,1.11870031138661e-06,0.000189813330476555,151467,2779,7774,1.00646500121815,0.0482738417769407,0.670710701773764
"Ubl conjugation",0.23443269954817,1032,1.13779174622812,1.60405631388638e-06,0.000189813330476555,143866,421,1113,1.06498035907764,0.0453836176966447,0.670710701773764
"Phosphoprotein",0.637446139405857,2598,1.05340875082837,4.96785417680723e-06,0.000440897058191642,155716,1311,3615,1.02105481323571,0.109711999007862,0.723306061851293
"Intellectual disability",0.0730139094131614,354,1.25313808645059,1.10218337842083e-05,0.000661660246982313,208011,109,280,1.09603174603175,0.125462496452538,0.725794829122206
"3D-structure",0.598298365381519,2444,1.05580728808436,1.11829900898419e-05,0.000661660246982313,148388,1221,3362,1.02252190792214,0.108664998778481,0.723306061851293
"Isopeptide bond",0.163285088761964,730,1.1555203644962,1.49755819236486e-05,0.000759475940413606,141765,280,766,1.02916244147949,0.277205281396932,0.795233397250496
"Mitochondrion inner membrane",0.0214141879996863,120,1.44837461725599,6.22408384649553e-05,0.00276193720688239,150843,45,110,1.15179316096747,0.138350515121345,0.725794829122206
"Alternative initiation",0.0118577507506127,73,1.59118916606735,0.000122032169482811,0.00481349112959976,160426,25,59,1.19300609893053,0.166352612548506,0.739745142165288
"Homeobox",0.0318348777447177,162,1.31526450032006,0.000379477667519224,0.012759779498845,239303,44,108,1.14705327141617,0.149191627249913,0.725794829122206
"Notch signaling pathway",0.00690566138855175,46,1.72168550281601,0.0004162732402333,0.012759779498845,160868,10,23,1.2241279971635,0.276440270596572,0.795233397250496
"Repressor",0.0863691979476247,394,1.17906732873299,0.00045180767250963,0.012759779498845,199171,127,321,1.11391834259021,0.0694731189727285,0.704655921009103
"Limb-girdle muscular dystrophy",0.00635891197850763,43,1.74778059185163,0.00046725953094362,0.012759779498845,209494,11,21,1.47478277753507,0.0846289967649613,0.723306061851293
"Holoprosencephaly",0.00320576092939533,25,2.01562690776298,0.00105306870468858,0.0267028135831746,291625,4,9,1.25133084154491,0.40409012078856,0.902213791697728
"Alternative splicing",0.744868877248611,2964,1.02848897596949,0.00120337222677014,0.0284798093668933,155793,1663,4624,1.01257940665023,0.175716881664424,0.739745142165288
"Electron transport",0.00497335457068002,34,1.76697646233474,0.00143531315094658,0.0299727157991786,190195,9,19,1.33365523901497,0.198539600523269,0.739745142165288
"Respiratory chain",0.00497335457068002,34,1.76697646233474,0.00143531315094658,0.0299727157991786,190195,9,19,1.33365523901497,0.198539600523269,0.739745142165288
"Congenital hypothyroidism",0.000871873553381943,10,2.96447482049674,0.00254968272254152,0.0502854092501245,132790,4,9,1.25133084154491,0.40409012078856,0.902213791697728
"Epilepsy",0.0307893178342332,150,1.25919346909858,0.00311363281292154,0.0544908891263872,188722,48,128,1.05581039755352,0.349571080854263,0.874896472213964
"Spliceosome",0.00916260066863716,53,1.49505916850394,0.00335801490084309,0.0544908891263872,145971,17,46,1.04050879758897,0.474180869677147,0.910348527149926
"mRNA splicing",0.00916260066863716,53,1.49505916850394,0.00335801490084309,0.0544908891263872,145971,17,46,1.04050879758897,0.474180869677147,0.910348527149926
"Mitochondrion",0.0394791671020093,187,1.22426348139297,0.00337690017121273,0.0544908891263872,178316,69,173,1.12294285057715,0.129077448715925,0.725794829122206
"ANK repeat",0.0259849786499764,128,1.27317726714583,0.00422873850305661,0.063110650932026,195420,43,115,1.05275007756061,0.36967456572421,0.874896472213964
"Membrane",0.429667596517619,1744,1.04909580004652,0.00426663555596796,0.063110650932026,153805,879,2234,1.10779748069178,5.93915814373069e-06,0.0015545567689923
"Parkinson disease",0.00417732283069673,28,1.73245220471379,0.00459535795083776,0.0632685481131082,381655,5,10,1.40774719673802,0.259862840862398,0.795233397250496
"GTP-binding",0.0295237306206958,143,1.2518897212806,0.00463375281955158,0.0632685481131082,165849,52,136,1.07651256221143,0.280011759595245,0.795233397250496
"Methyltransferase",0.0126137104789785,68,1.3933727874731,0.00510881629036242,0.0671714734473577,159029,32,78,1.15507462296453,0.182870469510588,0.739745142165288
"Ribosome biogenesis",0.00422563050114353,28,1.71264670346434,0.00532983775523332,0.0675747286824225,187155,14,25,1.57667686034659,0.0287904031243313,0.638787069321102
"mRNA processing",0.028771458500761,138,1.23970535936279,0.00723681256234521,0.0883818923328865,127974,40,102,1.10411544842198,0.246303674123609,0.795233397250496
"One-carbon metabolism",0.000877650806590592,9,2.65046469350211,0.00819867784295791,0.0883818923328865,103591,6,9,1.87699626231736,0.0573474421042008,0.670710701773764
"Phospholipid biosynthesis",0.00539091476535625,33,1.58216854039002,0.00829548559250681,0.0883818923328865,189691,9,23,1.10171519744715,0.434581977006358,0.910348527149926
"Dynein",0.00398310878666128,26,1.6871451593827,0.00840589055647267,0.0883818923328865,204202,10,23,1.2241279971635,0.276440270596572,0.795233397250496
"rRNA-binding",0.00189518489299912,15,2.04569528166267,0.0084382212447206,0.0883818923328865,58340,6,8,2.11162079510703,0.0272444627855903,0.638787069321102
"Cell division",0.0236065941322283,115,1.25911610050877,0.00871370769479163,0.0883818923328865,168918,43,119,1.01736352033168,0.478404824859918,0.910348527149926
"Mitosis",0.0236065941322283,115,1.25911610050877,0.00871370769479163,0.0883818923328865,168918,43,119,1.01736352033168,0.478404824859918,0.910348527149926
"Annexin",0.000591861153183992,7,3.05688762850434,0.0091333800374932,0.0898233673959933,65130,5,8,1.75968399592253,0.112061502540341,0.723306061851293
"Chromatin regulator",0.0280824903255593,134,1.23330488216325,0.00936187209479367,0.0898233673959933,188724,45,127,0.997616123672614,0.541722629679021,0.912923527952075
"Parkinsonism",0.00546491277453938,33,1.56074508369251,0.00996137556466281,0.0912692181334781,335496,8,18,1.25133084154491,0.287423522249362,0.809804368242249
"Chaperone",0.0132766195546008,69,1.34326856145084,0.0103944307898012,0.0912692181334781,184459,22,69,0.897693864586565,0.77461744359374,0.995038289677715
"Phospholipid metabolism",0.00548433417894292,33,1.55521809345956,0.0104413988727428,0.0912692181334781,189691,9,25,1.01357798165138,0.554969285034721,0.916749197258111
"Diabetes mellitus",0.00569563414204225,34,1.54290114956111,0.010540951953444,0.0912692181334781,266929,16,34,1.32493853810637,0.110666790234469,0.723306061851293
"Symport",0.01021983800582,55,1.39097699670213,0.0111181561009858,0.0939748908535702,116412,25,62,1.13527999736937,0.252361548667065,0.795233397250496
"Biomineralization",0.00274075350623956,19,1.79178085901191,0.012515217075606,0.103323303763724,96039,9,11,2.30358632193495,0.00228107171376357,0.115682922626581
"Stress response",0.00749076192627881,42,1.44918745630933,0.0131923222272042,0.106438054333125,145534,14,38,1.03728740812275,0.492993843806978,0.910348527149926
"ER-Golgi transport",0.00456021950612106,28,1.5869876741959,0.0135656217445179,0.107017682651197,232684,13,28,1.30719382554245,0.156043406968612,0.725794829122206
"NAD",0.0123812682275412,64,1.33602969810589,0.0145314044264455,0.112144534160612,98205,32,72,1.25133084154491,0.0728235315027976,0.718120935652588
"Ribosomal protein",0.0110791736905364,58,1.3530750716202,0.0153739593225157,0.116122458712619,92825,23,60,1.07927285083248,0.369485366459877,0.874896472213964
"NADP",0.0138518864698451,70,1.30614197632872,0.0172538046084914,0.125891797669851,105714,32,71,1.26895521959484,0.0604584294556633,0.670710701773764
"Elongation factor",0.000673971900915437,7,2.68446360227036,0.0173766143262611,0.125891797669851,64591,5,5,2.81549439347604,0.00563993958721198,0.222464283717806
"Growth factor",0.00819202212958403,44,1.38823448972687,0.0216711428320119,0.151753406544368,143745,20,55,1.0238161430822,0.498493794137821,0.910348527149926
"Translation regulation",0.0177064206425436,86,1.25536190127831,0.0220019842552504,0.151753406544368,128864,22,52,1.19117070493217,0.188348462489061,0.739745142165288
"RNA-binding",0.00372694292098414,23,1.59505757830151,0.0222286680008652,0.151753406544368,60195,9,17,1.49055585536967,0.107498117541282,0.723306061851293
"SH3 domain",0.0309208425349407,142,1.18696604521262,0.0233349200876971,0.154022247766234,130196,38,111,0.963862945514322,0.646543874943856,0.941731199954473
"Signal",0.277369859996258,1129,1.05204894430022,0.0238403490029633,0.154022247766234,164405,549,1372,1.12660817931367,8.64793862873636e-05,0.00511669702200235
"Hypotrichosis",0.00314393202803467,20,1.6442131525811,0.0238626017665996,0.154022247766234,199070,8,14,1.60885393912917,0.0813723734676995,0.723306061851293
"Protein phosphatase inhibitor",0.00481269776336715,28,1.50373293808887,0.0249169327503879,0.157955555828352,189880,7,15,1.31389738362215,0.258818678312001,0.795233397250496
"Ribonucleoprotein",0.0114312173754209,58,1.31140483489084,0.0260503761906843,0.159875982354677,92825,23,63,1.02787890555475,0.481925723263538,0.910348527149926
"Craniosynostosis",0.00525791502127627,30,1.47471793583519,0.0261205830325951,0.159875982354677,222281,9,18,1.40774719673802,0.149622610036473,0.725794829122206
"Protein biosynthesis",0.00298241477875456,19,1.64659513717959,0.0267479863860299,0.160941274017638,126418,11,23,1.34654079687985,0.154567311262832,0.725794829122206
"Glucose metabolism",0.00108735280603647,9,2.13930792579754,0.0281091738827323,0.166312612139499,116337,5,9,1.56416355193114,0.180454078085517,0.739745142165288
"Ehlers-Danlos syndrome",0.00109251545783994,9,2.12919868492406,0.028838236592146,0.167829081806751,76262,4,9,1.25133084154491,0.40409012078856,0.902213791697728
"Sialic acid",0.00262791268824934,17,1.67201149880873,0.0306761696342193,0.175645810002384,76833,6,11,1.5357242146233,0.157425920682845,0.725794829122206
"Diamond-Blackfan anemia",0.00204871232401196,14,1.76623434706286,0.0319056738178767,0.1797859397674,51826,4,7,1.60885393912917,0.208378913285997,0.739745142165288
"Activator",0.0853516638612161,363,1.09924855542284,0.0329922338223601,0.182983575933514,195877,133,360,1.04016876203421,0.299591435468425,0.819448447206337
"Repeat",0.401824800740078,1611,1.03623933229998,0.0337235567361345,0.182983575933514,163097,745,2080,1.00843428997099,0.380353518319904,0.894208602672623
"Thiamine pyrophosphate",0.00112681021624873,9,2.06439597595779,0.0340194817228504,0.182983575933514,117409,4,6,1.87699626231736,0.123048592947497,0.725794829122206
"Kelch repeat",0.00759094195532241,40,1.3619638832019,0.0350427774933978,0.183771863466696,147874,16,31,1.4531583966328,0.0479841313932904,0.670710701773764
"Kinase",0.0412948225731787,183,1.14539888376367,0.0352013710302403,0.183771863466696,151380,85,217,1.10284342601596,0.143045174645721,0.725794829122206
"Sodium transport",0.0011407002080057,9,2.0392583956471,0.0362894261774036,0.186236128654281,78984,9,15,1.68929663608563,0.046146381879336,0.670710701773764
"Serine/threonine-protein kinase",0.0305036511011076,138,1.16930695220227,0.0367226169177455,0.186236128654281,133697,63,171,1.03728740812275,0.385262375140271,0.899790415623658
"RNA editing",0.00152089263724725,11,1.86937055620801,0.0379064339410093,0.187885844295121,445444,5,10,1.40774719673802,0.259862840862398,0.795233397250496
"Lipid metabolism",0.0212616439309218,99,1.20348206940849,0.0381064247584472,0.187885844295121,196052,29,103,0.792712013697139,0.955059993507347,0.999829279410058
"Calmodulin-binding",0.0147378958555461,71,1.24515706102406,0.0395903118057283,0.192528228644295,131400,31,71,1.2293003689825,0.0953414354025072,0.723306061851293
"Chemotaxis",0.00613224698027892,33,1.39089892711444,0.0406962425625961,0.193627680963543,114217,17,35,1.36752584825979,0.0768394179603997,0.723306061851293
"Microphthalmia",0.00701788760513679,37,1.36268848434307,0.0409072565415936,0.193627680963543,317573,6,16,1.05581039755352,0.527638090017625,0.912923527952075
"Leber congenital amaurosis",0.000992458349077373,8,2.08343026027084,0.0420813861064634,0.196564369313086,363048,6,12,1.40774719673802,0.224103793519961,0.78769155148105
"Transferase",0.0938507408528258,394,1.08507507328698,0.048199125941054,0.21951500632915,152691,190,501,1.06775236479131,0.133047914577163,0.725794829122206
"Coiled coil",0.186367796656421,762,1.056781911052,0.0482314661793626,0.21951500632915,149505,313,884,0.99688885198869,0.542610885627853,0.912923527952075
"Lipid biosynthesis",0.00738972145526796,38,1.32909736895401,0.0520556823521765,0.233475357959808,173124,14,46,0.856889598014448,0.808684779273418,0.998622678046367
"Direct protein sequencing",0.223962227089319,909,1.04903596083457,0.0532984411255089,0.233475357959808,121311,420,1154,1.02470333211433,0.261244044949251,0.795233397250496
"S-adenosyl-L-methionine",0.0133763079025203,64,1.2366448329956,0.0537308797000626,0.233475357959808,184899,30,79,1.06917508613014,0.363166822782141,0.874896472213964
"Disease variant",0.319916379791217,1285,1.03816867663599,0.0539295193033922,0.233475357959808,170990,570,1587,1.01123617156985,0.366241455823327,0.874896472213964
"EGF-like domain",0.0286389504378052,128,1.15519191865172,0.0562378216836811,0.240535261418154,195669,46,130,0.996251862306908,0.546057176228149,0.914388196042418
"LIM domain",0.00926929547257562,46,1.28266243483143,0.0572326402058714,0.240680683500906,126893,19,40,1.33735983690112,0.07934086636668,0.723306061851293
"Neurogenesis",0.0420322213391083,183,1.12530440156702,0.0576277692889493,0.240680683500906,212030,65,164,1.11589716814599,0.15153821124628,0.725794829122206
"Biological rhythms",0.0137331454783652,65,1.22333276074605,0.0616517743282281,0.248551422444245,207319,25,70,1.00553371195573,0.53143952439627,0.912923527952075
"Sodium channel",0.000896580529869997,7,2.01794816715772,0.0628291318386218,0.248551422444245,78118,7,11,1.79167825039385,0.0540614774967948,0.670710701773764
"Centromere",0.0102739229294755,50,1.25786771683995,0.0639562538670648,0.248551422444245,133702,17,57,0.83970885419461,0.851192296050307,0.999829279410058
"Lipid-binding",0.00090075981942519,7,2.00858541638215,0.0640544154467619,0.248551422444245,244882,4,6,1.87699626231736,0.123048592947497,0.725794829122206
"Steroid-binding",0.00090075981942519,7,2.00858541638215,0.0640544154467619,0.248551422444245,244882,4,6,1.87699626231736,0.123048592947497,0.725794829122206
"Calcium/phospholipid-binding",0.000721542049676019,6,2.14926949592335,0.0643150850181793,0.248551422444245,65746,4,8,1.40774719673802,0.304696324031652,0.819448447206337
"Transmembrane helix",0.396060208320375,1579,1.03043876567433,0.0648388314414909,0.248551422444245,150262,807,2046,1.11051025197222,1.1765534227548e-05,0.0015545567689923
"Chloride",0.00486493888280707,26,1.38132931791998,0.0668447716350907,0.248551422444245,97729,13,24,1.52505946313286,0.0472060142199726,0.670710701773764
"Chloride channel",0.00486493888280707,26,1.38132931791998,0.0668447716350907,0.248551422444245,97729,13,24,1.52505946313286,0.0472060142199726,0.670710701773764
"Schizophrenia",0.00128894206693403,9,1.80472228796539,0.0671171082924169,0.248551422444245,173372,4,11,1.0238161430822,0.58882146915494,0.916749197258111
"Spinocerebellar ataxia",0.00377942988098613,21,1.43613171345969,0.0678023219817419,0.248551422444245,128685,8,21,1.07256929275278,0.483579274133952,0.910348527149926
"Heme biosynthesis",0.000732113193845037,6,2.11823571878275,0.067914050639695,0.248551422444245,28748,3,6,1.40774719673802,0.363366637982455,0.874896472213964
"Transmembrane",0.396827353794316,1581,1.02974938024383,0.0690139803083285,0.249999622545476,150226,808,2050,1.10971681459934,1.31370994562729e-05,0.0015545567689923
"Ichthyosis",0.00255883149030761,15,1.51513329743359,0.0780981133218963,0.280048790194679,87558,10,18,1.56416355193114,0.0653736250460916,0.684327889335969
"Triplet repeat expansion",0.00257886749611633,15,1.5033617660951,0.0820311604335547,0.291210619539119,283097,5,13,1.08288245902925,0.51543677171024,0.910348527149926
"Osteogenesis",0.00237346770650669,14,1.52456511795001,0.0831960840490864,0.292421879578472,201467,5,16,0.879841997961264,0.725651933786705,0.976222600025829
"Exocytosis",0.0045698072880418,24,1.35742119493989,0.0872520679626424,0.301995412270408,123566,8,25,0.900958205912334,0.712963651443931,0.972561897973062
"Cardiomyopathy",0.00891036825195314,43,1.24730904796133,0.088208065338525,0.301995412270408,243822,20,41,1.37341189925661,0.0551688271858399,0.670710701773764
"Glycogen storage disease",0.000607349108594414,5,2.12781014994772,0.0896224074955937,0.301995412270408,50168,4,6,1.87699626231736,0.123048592947497,0.725794829122206
"Chondrogenesis",0.00198368749534439,12,1.56354095192342,0.0896853354979722,0.301995412270408,367983,4,10,1.12619775739042,0.500241640739335,0.910348527149926
"Guanine-nucleotide releasing factor",0.0212853675451615,95,1.15356938547817,0.0901732780300373,0.301995412270408,102090,29,86,0.949410900125643,0.675229018779981,0.947455737813807
"DNA-binding",0.00138150103855345,9,1.68380798216968,0.0928118359564791,0.303743773771722,345990,3,7,1.20664045434688,0.479607431504799,0.910348527149926
"Nucleosome core",0.00138150103855345,9,1.68380798216968,0.0928118359564791,0.303743773771722,345990,3,7,1.20664045434688,0.479607431504799,0.910348527149926
"Tricarboxylic acid cycle",0.00138297608192588,9,1.68201207995779,0.093262172791881,0.303743773771722,141021,4,8,1.40774719673802,0.304696324031652,0.819448447206337
"Phagocytosis",0.00308566781482404,17,1.42397059447205,0.0976497252702517,0.312822216139937,151254,5,12,1.17312266394835,0.431743474934929,0.910348527149926
"Integrin",0.00201601552925662,12,1.53846862277545,0.0978120168775578,0.312822216139937,121132,7,14,1.40774719673802,0.194797598231788,0.739745142165288
"Actin-binding",0.0365658335211965,157,1.10975074445669,0.100427147088427,0.316303964596318,153945,59,134,1.23965797921706,0.0247528772538697,0.638787069321102
"FAD",0.00510549387279275,26,1.31624537726344,0.100956486661849,0.316303964596318,205883,10,33,0.853180119235165,0.788873570992249,0.998622678046367
"Mitogen",0.00332351855862695,18,1.39983119399401,0.10157366750417,0.316303964596318,166181,9,19,1.33365523901497,0.198539600523269,0.739745142165288
"Sodium",0.00740705321489391,36,1.2561986034687,0.102680450538736,0.316970086445665,67980,27,55,1.38215179316097,0.0261628579289769,0.638787069321102
"Immunity",0.0398442403366836,170,1.10276923226289,0.104877998409671,0.320962839960633,69738,58,146,1.11848407412062,0.162287443482917,0.738615928672251
"Alternative promoter usage",0.0133845435613496,61,1.17795185328851,0.113170318290865,0.342000441031407,186523,20,48,1.17312266394835,0.227350444233958,0.791268702971128
"Palmoplantar keratoderma",0.0020747714235914,12,1.49490040180935,0.113679019835792,0.342000441031407,227182,3,13,0.649729475417549,0.894136723978035,0.999829279410058
"Cell cycle",0.032371793532279,139,1.10981172494566,0.115426056995415,0.344338237255229,166799,57,176,0.911836252432583,0.830571328097788,0.999829279410058
"Transport",0.089046155828007,366,1.06234891873145,0.118729136856046,0.351240363199137,158183,169,470,1.01237989893075,0.436600500271285,0.910348527149926
"Autophagy",0.0139437079197783,63,1.16778674842631,0.121903220720216,0.357649945088236,232134,23,62,1.04445759757982,0.444344548019703,0.910348527149926
"Magnesium",0.0541146703634531,226,1.07943051726165,0.12647860217738,0.368031998139098,122601,108,304,1.00024142926123,0.520895167196746,0.912923527952075
"ADP-ribosylation",0.00644618537804255,31,1.24296864527532,0.133261455885634,0.384616397068293,74425,17,45,1.06363121531317,0.430209331518673,0.910348527149926
"GPI-anchor",0.0152885787145833,68,1.14959024370972,0.137711345622721,0.394254255613435,208967,30,68,1.24212987947473,0.088123748171911,0.723306061851293
"Flavoprotein",0.00555218617407429,27,1.2569008332001,0.139637558754392,0.396548286720808,200156,11,39,0.794113803288115,0.870681647067206,0.999829279410058
"Kinetochore",0.00766125235607449,36,1.21451813253358,0.140746715850202,0.396548286720808,171041,14,43,0.916672593224759,0.71053765712111,0.972561897973062
"S-nitrosylation",0.00957032724083058,44,1.18830290487615,0.143138571649084,0.400111755397045,272131,9,28,0.904980340760157,0.711283194937428,0.972561897973062
"Joubert syndrome",0.00112201632528836,7,1.61250152621038,0.149030669592234,0.413327247697212,133223,3,8,1.05581039755352,0.584554095988688,0.916749197258111
"Leucine-rich repeat",0.0259622383979849,111,1.1050504749247,0.154784859377654,0.425958333946257,163667,52,129,1.13492797256399,0.146200988092899,0.725794829122206
"Transit peptide",0.0378884557451341,159,1.0846546686252,0.15792657444664,0.43126103021967,168806,70,221,0.891785554494675,0.900794155666674,0.999829279410058
"Carbohydrate metabolism",0.00266933682295817,14,1.35558242137119,0.160294277667931,0.434385256275692,121940,8,21,1.07256929275278,0.483579274133952,0.910348527149926
"Growth factor binding",0.00245717641789159,13,1.36744001362273,0.163886762770467,0.439096279797441,178821,5,12,1.17312266394835,0.431743474934929,0.910348527149926
"Anion exchange",0.000946732004532317,6,1.63804361738121,0.16455766622661,0.439096279797441,192202,3,6,1.40774719673802,0.363366637982455,0.874896472213964
"Postsynaptic cell membrane",0.0155201605240534,68,1.13243680071698,0.165743384486921,0.439096279797441,247543,34,81,1.18181246145908,0.135268345206333,0.725794829122206
"Sushi",0.00384814231808474,19,1.27615593858648,0.172326509101212,0.453154894303188,106456,7,19,1.03728740812275,0.53794393081349,0.912923527952075
"Endocytosis",0.0161252970675892,70,1.12199671694541,0.180965282244848,0.470153128214533,98925,21,67,0.882468391985029,0.7999028535152,0.998622678046367
"Pyridine nucleotide biosynthesis",0.00140264332689149,8,1.47415791091287,0.181439376240538,0.470153128214533,266309,1,5,0.563098878695209,0.888593021886691,0.999829279410058
"Aspartyl protease",0.000988033218960109,6,1.56957103024012,0.18772225083247,0.482908688735702,14976,2,6,0.938498131158682,0.690627355549612,0.964319408355662
"Initiation factor",0.00230844287783912,12,1.34357954643983,0.190155455797335,0.485648825957222,162484,6,18,0.938498131158682,0.662245362137389,0.943876356669545
"Cell projection",0.0258670981004637,109,1.08913084580465,0.195630457961585,0.496062946974018,122643,57,126,1.27367603514392,0.0147591737270343,0.476318788463379
"Synaptosome",0.008703247578409,39,1.1582026102615,0.199168884868387,0.498136412535501,244819,9,24,1.05581039755352,0.495775525605493,0.910348527149926
"Ubl conjugation pathway",0.0551961229959999,226,1.05828133302224,0.199295253285125,0.498136412535501,172888,92,262,0.988646886258764,0.578643309197105,0.916749197258111
"rRNA processing",0.00607705577409416,28,1.19087472895879,0.201423617790293,0.498136412535501,188926,12,32,1.05581039755352,0.473086142203908,0.910348527149926
"Cytoplasmic vesicle",0.0670941915987921,273,1.05166880709131,0.202508113420123,0.498136412535501,151579,111,316,0.988986954670383,0.580393029984084,0.916749197258111
"Nucleotide-binding",0.0404214739764244,167,1.06783855018894,0.203464168500416,0.498136412535501,162499,64,197,0.914678381636888,0.835112157982323,0.999829279410058
"Amidation",0.00443791382649114,21,1.22304292581833,0.206022670604879,0.500945534689946,231523,9,20,1.26697247706422,0.253045598027646,0.795233397250496
"Iron transport",0.00235834851193937,12,1.31514770573022,0.209009259795953,0.50475025324873,70644,3,10,0.844648318042813,0.749590844809931,0.978326286424726
"tRNA-binding",0.00191362293515439,10,1.35065646851127,0.212520351821372,0.509761654706669,64279,4,10,1.12619775739042,0.500241640739335,0.910348527149926
"Sexual differentiation",0.000826393049398957,5,1.56381227887724,0.218850342941619,0.521421958015267,214768,3,5,1.68929663608563,0.243207615464976,0.795233397250496
"Amyotrophic lateral sclerosis",0.00149151469007987,8,1.38632074513159,0.224974827241806,0.532440424472273,87523,5,12,1.17312266394835,0.431743474934929,0.910348527149926
"Nitration",0.00406276112877202,19,1.20874191617416,0.234366750431476,0.550994678166715,84561,7,22,0.895839125196923,0.715606219214105,0.972561897973062
"Lissencephaly",0.00457423241815906,21,1.18659451787669,0.245171830282113,0.564180444776217,315287,6,16,1.05581039755352,0.527638090017625,0.912923527952075
"Hyaluronic acid",0.00198676050237027,10,1.30093546382376,0.245196422968235,0.564180444776217,129052,5,7,2.01106742391146,0.059050852693622,0.670710701773764
"Neurotransmitter transport",0.00222547168814043,11,1.27753227793216,0.248761065010545,0.564180444776217,84984,7,19,1.03728740812275,0.53794393081349,0.912923527952075
"Decarboxylase",0.00269219999523069,13,1.24806528501134,0.24921147362152,0.564180444776217,71286,6,11,1.5357242146233,0.157425920682845,0.725794829122206
"Lyase",0.00269219999523069,13,1.24806528501134,0.24921147362152,0.564180444776217,71286,6,11,1.5357242146233,0.157425920682845,0.725794829122206
"Coated pit",0.00531298330718,24,1.16754616209611,0.250697910195488,0.564180444776217,105773,6,26,0.649729475417549,0.941882679547041,0.999829279410058
"Neuropeptide",0.00316704104086927,15,1.22416184174947,0.251100028942654,0.564180444776217,510797,4,8,1.40774719673802,0.304696324031652,0.819448447206337
"Myogenesis",0.00823774847412909,36,1.12952342907651,0.25384465963613,0.564539252468256,299533,9,26,0.974594213126323,0.611102134013178,0.919242616841856
"cAMP biosynthesis",0.00109952191385894,6,1.41042056356289,0.25566104245649,0.564539252468256,188535,4,7,1.60885393912917,0.208378913285997,0.739745142165288
"Systemic lupus erythematosus",0.00155100810610085,8,1.33314439066625,0.25603047787997,0.564539252468256,82015,4,7,1.60885393912917,0.208378913285997,0.739745142165288
"Basement membrane",0.00319740235028494,15,1.21253766925554,0.262255729030278,0.571170452796004,275916,9,19,1.33365523901497,0.198539600523269,0.739745142165288
"Extracellular matrix",0.00319740235028494,15,1.21253766925554,0.262255729030278,0.571170452796004,275916,9,19,1.33365523901497,0.198539600523269,0.739745142165288
"SH3-binding",0.017945992270281,75,1.08017732736546,0.265737642526013,0.575224774980088,130512,14,30,1.31389738362215,0.138956087309519,0.725794829122206
"Collagen degradation",0.000917476977645964,5,1.40856242643244,0.283935347200044,0.61089120155161,82484,1,7,0.402213484782292,0.953711293485201,0.999829279410058
"Gap junction",0.00208608008944663,10,1.23899710693438,0.292107367712574,0.624687442999783,134236,3,11,0.767862107311649,0.809879360680552,0.998622678046367
"Cytoskeleton",0.134066200438235,530,1.02178103744331,0.303716823952737,0.645372520856352,146610,222,605,1.03312356256476,0.278848664752206,0.795233397250496
"Synapse",0.0232235745365229,95,1.05729410087726,0.305415728179907,0.645372520856352,240765,41,103,1.12073077798561,0.207630436988822,0.739745142165288
"Transcription",0.245824336593097,965,1.01462067522561,0.307516466960349,0.645965349216338,186178,369,1092,0.951389589004268,0.905784777783355,0.999829279410058
"Cytoplasm",0.134189858240957,530,1.02083945214313,0.311676861966289,0.645965349216338,146610,222,607,1.02971953105714,0.300471724386198,0.819448447206337
"Adaptive immunity",0.00974327607624696,41,1.0876273462097,0.315667107535218,0.645965349216338,28953,10,10,2.81549439347604,3.16347986828447e-05,0.00224607070648197
"MHC II",0.00974327607624696,41,1.0876273462097,0.315667107535218,0.645965349216338,28953,10,10,2.81549439347604,3.16347986828447e-05,0.00224607070648197
"Potassium transport",0.00553915662428457,24,1.119873238894,0.316824762004924,0.645965349216338,258313,18,42,1.20664045434688,0.200673886809738,0.739745142165288
"Glycolysis",0.00237678655409463,11,1.19619993235218,0.317348288468935,0.645965349216338,37197,4,13,0.866305967223398,0.73488210828926,0.976222600025829
"Secreted",0.00334416916584085,15,1.15932257048721,0.318433622853124,0.645965349216338,275916,9,21,1.20664045434688,0.311644271044288,0.831832452787386
"Zymogen",0.0185490391690392,76,1.05899386528799,0.322697382264789,0.650596065289934,200611,36,91,1.11382195785866,0.240338710650833,0.795233397250496
"Steroid metabolism",0.00458050135249185,20,1.12854336098022,0.324381700158643,0.650596065289934,71302,9,32,0.791857798165138,0.856235400866421,0.999829279410058
"Asthma",0.00123338209990616,6,1.25734621696931,0.34407123556963,0.686209486669767,340017,3,6,1.40774719673802,0.363366637982455,0.874896472213964
"MHC I",0.0096786200084225,40,1.0681883133788,0.359091850315068,0.712165401462845,39528,5,7,2.01106742391146,0.059050852693622,0.670710701773764
"Cytokine",0.00969644344917259,40,1.06622483148843,0.363374820312031,0.716655895615395,155166,21,64,0.923834097859327,0.717778076813922,0.972561897973062
"Chromosome",0.00498195899035248,21,1.08948289646546,0.376646439628753,0.738726442365786,184250,8,26,0.866305967223398,0.75823543696871,0.985983809977626
"Apoptosis",0.0548980413144898,217,1.02165474036631,0.38250340737235,0.743440956206763,124404,85,245,0.976804177328424,0.631464204615672,0.929895560605787
"Aminoacyl-tRNA synthetase",0.00129422763901854,6,1.19823458458259,0.385332777301533,0.743440956206763,119493,3,10,0.844648318042813,0.749590844809931,0.978326286424726
"Ligase",0.00129422763901854,6,1.19823458458259,0.385332777301533,0.743440956206763,119493,3,10,0.844648318042813,0.749590844809931,0.978326286424726
"Taste",0.00204379551277056,9,1.13816791433242,0.394522258623625,0.757056226007496,135021,6,10,1.68929663608563,0.101045315308636,0.723306061851293
"Potassium channel",0.00529503694614887,22,1.0738780273446,0.397763813476176,0.759172869806681,273004,16,38,1.18547132356886,0.245503112558035,0.795233397250496
"Alzheimer disease",0.00206370859829824,9,1.12718553288493,0.405285194935128,0.766192045766814,239694,3,11,0.767862107311649,0.809879360680552,0.998622678046367
"Aminotransferase",0.00157018366994233,7,1.15225567020889,0.405758041138482,0.766192045766814,138500,3,10,0.844648318042813,0.749590844809931,0.978326286424726
"Endosome",0.073121095898224,287,1.01447295892047,0.408924079621888,0.768084911459102,115468,123,304,1.13916384999195,0.0389273851442503,0.670710701773764
"Acyltransferase",0.0129812421192735,52,1.03535280321639,0.419398741543947,0.7836134381479,169178,24,76,0.889103492676646,0.798877077726025,0.998622678046367
"Tyrosine-protein kinase",0.0127529791573913,51,1.0336173638467,0.4251960412417,0.790285835815725,189056,26,59,1.24072634288775,0.108394232156263,0.723306061851293
"Hydroxylation",0.0117966593709383,47,1.02976965237451,0.439716516207683,0.796245550995258,102729,25,62,1.13527999736937,0.252361548667065,0.795233397250496
"Potassium",0.010009521404969,40,1.03287543573251,0.440055750893005,0.796245550995258,190122,26,63,1.16195006714884,0.203459448750234,0.739745142165288
"GPI-anchor biosynthesis",0.00113025198411772,5,1.14339423065706,0.443663027543938,0.796245550995258,73116,4,10,1.12619775739042,0.500241640739335,0.910348527149926
"Heparin-binding",0.0120738446046724,48,1.02753571421288,0.444583197941644,0.796245550995258,123180,18,44,1.15179316096747,0.274072588682451,0.795233397250496
"Intermediate filament",0.00164172327350475,7,1.10204506822764,0.450066540110044,0.796245550995258,58916,3,20,0.422324159021407,0.989311474694379,0.999829279410058
"Peroxisome",0.00800419994016241,32,1.0333163948847,0.45014983220111,0.796245550995258,114363,15,50,0.844648318042813,0.832731974466909,0.999829279410058
"Blood coagulation",0.00114291277306433,5,1.13072810829121,0.453062768433315,0.796245550995258,83175,3,6,1.40774719673802,0.363366637982455,0.874896472213964
"Hemostasis",0.00114291277306433,5,1.13072810829121,0.453062768433315,0.796245550995258,83175,3,6,1.40774719673802,0.363366637982455,0.874896472213964
"Disulfide bond",0.283094134563782,1099,1.00338612539778,0.453408541582717,0.796245550995258,167909,534,1398,1.0754463563063,0.0119723373014304,0.42501797420078
"Hearing",0.004195760872852,17,1.04722370167668,0.457230300809945,0.796245550995258,77473,12,20,1.68929663608563,0.0219776220065034,0.638787069321102
"Nuclear pore complex",0.0029296819781905,12,1.05867348670555,0.460709149794819,0.796245550995258,112780,8,23,0.979302397730798,0.60686214466382,0.916749197258111
"Nucleus",0.0029296819781905,12,1.05867348670555,0.460709149794819,0.796245550995258,112780,8,23,0.979302397730798,0.60686214466382,0.916749197258111
"Translocation",0.0029296819781905,12,1.05867348670555,0.460709149794819,0.796245550995258,112780,8,23,0.979302397730798,0.60686214466382,0.916749197258111
"mRNA transport",0.0029296819781905,12,1.05867348670555,0.460709149794819,0.796245550995258,112780,8,23,0.979302397730798,0.60686214466382,0.916749197258111
"Fertilization",0.00216954296026946,9,1.0721993151051,0.462330475955145,0.796245550995258,115518,5,13,1.08288245902925,0.51543677171024,0.910348527149926
"Cilium",0.0108866805304354,43,1.02087894563064,0.466532604526799,0.796245550995258,50814,28,63,1.25133084154491,0.0892109100153231,0.723306061851293
"Flagellum",0.0108866805304354,43,1.02087894563064,0.466532604526799,0.796245550995258,50814,28,63,1.25133084154491,0.0892109100153231,0.723306061851293
"Actin capping",0.00243923005686046,10,1.0596159998883,0.470090092173021,0.798478386226902,105436,4,8,1.40774719673802,0.304696324031652,0.819448447206337
"DNA-directed RNA polymerase",0.00270031273377901,11,1.05288246048624,0.472840908429101,0.799326297582528,114941,3,9,0.938498131158682,0.674786083588752,0.947455737813807
"Allosteric enzyme",0.00657684963678286,26,1.02177837108003,0.482602306869448,0.811961227197413,225210,9,25,1.01357798165138,0.554969285034721,0.916749197258111
"Heparan sulfate",0.00481454156758268,19,1.01999943355261,0.496414148461678,0.824698190925135,151295,7,14,1.40774719673802,0.194797598231788,0.739745142165288
"Proteoglycan",0.00481454156758268,19,1.01999943355261,0.496414148461678,0.824698190925135,151295,7,14,1.40774719673802,0.194797598231788,0.739745142165288
"Oogenesis",0.00146103046038316,6,1.06143462401733,0.497142008050645,0.824698190925135,30389,4,12,0.938498131158682,0.667360466264946,0.943876356669545
"Osteogenesis imperfecta",0.00120744592060776,5,1.07029522049188,0.500205217405043,0.824993143035924,118423,4,16,0.703873598369011,0.87533575693754,0.999829279410058
"Unfolded protein response",0.00328713415544056,13,1.02217956294662,0.505707155389798,0.824993143035924,51210,7,17,1.15932122084308,0.398669702211719,0.902213791697728
"Signal-anchor",0.0459949253591177,178,1.00025643532409,0.509277697419623,0.824993143035924,192737,77,223,0.972166225550025,0.647274402222229,0.941731199954473
"Autism",0.00277726082970698,11,1.02371080339744,0.509495692066534,0.824993143035924,53318,5,9,1.56416355193114,0.180454078085517,0.739745142165288
"Autism spectrum disorder",0.00277726082970698,11,1.02371080339744,0.509495692066534,0.824993143035924,53318,5,9,1.56416355193114,0.180454078085517,0.739745142165288
"Pyridoxal phosphate",0.00589292119310358,23,1.00878466811501,0.511263356247615,0.824993143035924,99818,12,35,0.965312363477501,0.62302738925554,0.925417251823083
"Golgi apparatus",0.0914229423821016,353,0.997977571377994,0.524011747921735,0.841738328109574,135567,141,416,0.954290167019525,0.776542804966438,0.995038289677715
"Ciliopathy",0.00621546401053968,24,0.99801933677999,0.531276288537354,0.84633327387811,213277,13,37,0.989227759869962,0.580997257835166,0.916749197258111
"Heme",0.00856434766083934,33,0.995911899358229,0.532853241215446,0.84633327387811,167950,15,54,0.782081775965568,0.911218901848781,0.999829279410058
"Thiol protease",0.0111708722201886,43,0.994907355689088,0.534024375630131,0.84633327387811,104556,23,57,1.13607668508683,0.26309999792039,0.795233397250496
"Obesity",0.00415323045561386,16,0.995715397266883,0.540290886448241,0.849293985420324,100157,11,20,1.54852191641182,0.0586196376399258,0.670710701773764
"Glycogen metabolism",0.00126472677157011,5,1.02182038593563,0.540677297760545,0.849293985420324,132025,3,12,0.703873598369011,0.857385658819087,0.999829279410058
"Congenital myasthenic syndrome",0.00129066295086852,5,1.00128666198969,0.558491337468189,0.873411563000912,218116,4,13,0.866305967223398,0.73488210828926,0.976222600025829
"Zinc",0.170749668668382,657,0.994504540354407,0.568250288287015,0.881213434831038,174643,265,811,0.919982754958264,0.966123442745086,0.999829279410058
"Endoplasmic reticulum",0.0105436100260665,40,0.980554929200868,0.570927014115884,0.881213434831038,171109,15,54,0.782081775965568,0.911218901848781,0.999829279410058
"Microsome",0.0105436100260665,40,0.980554929200868,0.570927014115884,0.881213434831038,171109,15,54,0.782081775965568,0.911218901848781,0.999829279410058
"cGMP",0.00131954921691177,5,0.979367484945664,0.577916351344617,0.884311658307496,226918,3,6,1.40774719673802,0.363366637982455,0.874896472213964
"cGMP-binding",0.00131954921691177,5,0.979367484945664,0.577916351344617,0.884311658307496,226918,3,6,1.40774719673802,0.363366637982455,0.874896472213964
"Eye lens protein",0.00213217519483479,8,0.96976916415466,0.581455014018538,0.885907853976742,31803,5,11,1.27977017885275,0.345226941012026,0.874896472213964
"Protein phosphatase",0.0166563126816608,63,0.977603965766839,0.588991102343481,0.891152967138833,247383,20,64,0.879841997961264,0.80051564028502,0.998622678046367
"Kringle",0.00241710440627415,9,0.962383945870884,0.589918161345424,0.891152967138833,116647,5,10,1.40774719673802,0.259862840862398,0.795233397250496
"WD repeat",0.0225593133378093,85,0.973855047541296,0.612341319660383,0.921106646099305,138142,42,111,1.06532220293688,0.336540282244697,0.874896472213964
"Cyclin",0.00250093603794008,9,0.930124737619437,0.629810311683002,0.935288988534767,137222,7,17,1.15932122084308,0.398669702211719,0.902213791697728
"Metal-binding",0.182363668501703,698,0.989278049400666,0.630002098815579,0.935288988534767,175335,285,879,0.912873608806226,0.981003212322672,0.999829279410058
"Multifunctional enzyme",0.0068140857791806,25,0.94827364939945,0.631536472831028,0.935288988534767,142927,14,37,1.06532220293688,0.444516685863269,0.910348527149926
"Protease inhibitor",0.0057637319777357,21,0.941709144673601,0.63752631127519,0.935288988534767,75514,18,42,1.20664045434688,0.200673886809738,0.739745142165288
"Chromosome partition",0.00279115082146395,10,0.926014880952279,0.637561988909626,0.935288988534767,139807,6,17,0.993703903579781,0.597984483366302,0.916749197258111
"Glycoprotein",0.0295565503357322,111,0.970667535484256,0.637919916662029,0.935288988534767,176353,50,121,1.16342743532068,0.106735840844736,0.723306061851293
"Antiviral defense",0.00415593470179663,15,0.93287577204008,0.640211899194221,0.935288988534767,61063,8,33,0.682544095388132,0.941924468222508,0.999829279410058
"Sphingolipid metabolism",0.00530278092385408,19,0.92608571658295,0.661508137278271,0.959076173364224,188934,3,17,0.49685195178989,0.970382197849518,0.999829279410058
"Immunoglobulin domain",0.0531289726298327,200,0.972970892422819,0.664719906550641,0.959076173364224,196499,95,215,1.2440556622336,0.00484062355053161,0.21480267005484
"Non-syndromic deafness",0.0144358807250428,53,0.948929296237703,0.667973407801655,0.959076173364224,80168,29,62,1.31692479694847,0.0439667903955044,0.670710701773764
"Monooxygenase",0.00532859418287145,19,0.921599488198119,0.669433176450064,0.959076173364224,211044,9,34,0.745277927684835,0.902986126895342,0.999829279410058
"Cataract",0.00856877279095661,31,0.93507045898047,0.670002509843176,0.959076173364224,82503,18,47,1.07827444856529,0.397449154417224,0.902213791697728
"Corneal dystrophy",0.00315622405613818,11,0.900795337927396,0.674892649463108,0.962196347628126,107395,4,11,1.0238161430822,0.58882146915494,0.916749197258111
"Neurodegeneration",0.0118461962441954,43,0.938190007343018,0.683251735001462,0.966552527883878,105024,24,68,0.993703903579781,0.561136937456181,0.916749197258111
"Meiosis",0.00701555211979712,25,0.921041976284447,0.686277808810977,0.966552527883878,101444,11,39,0.794113803288115,0.870681647067206,0.999829279410058
"Serine esterase",0.00291296481996973,10,0.887290906480859,0.688426618854277,0.966552527883878,25361,3,12,0.703873598369011,0.857385658819087,0.999829279410058
"Retinitis pigmentosa",0.00703091715492651,25,0.919029174539039,0.690266126172389,0.966552527883878,112182,15,44,0.959827634139561,0.633900635680564,0.929895560605787
"Zinc-finger",0.160768910609176,611,0.982291557841022,0.691561526992972,0.966552527883878,177724,244,763,0.900367800797058,0.985958091768404,0.999829279410058
"Antiport",0.0076413392705468,27,0.913262345931235,0.707085081185616,0.980882950034825,111380,12,39,0.866305967223398,0.78287877959337,0.996136081561456
"Amyloidosis",0.00296262461350791,10,0.872418052517775,0.707859087421395,0.980882950034825,202445,4,15,0.750798504926945,0.837914801149831,0.999829279410058
"4Fe-4S",0.00324927470888175,11,0.87499893667102,0.710103994813944,0.980882950034825,284308,7,18,1.0949144863518,0.469462725824128,0.910348527149926
"Glycosyltransferase",0.0249038947782727,91,0.944442212348491,0.723554173992199,0.995588107624925,142794,45,111,1.1414166460038,0.1554526495064,0.725794829122206
"Telomere",0.00360045795179902,12,0.861439482507941,0.73447794904897,0.997685743053861,62945,5,19,0.740919577230538,0.860864132737699,0.999829279410058
"Osteopetrosis",0.00158972799462691,5,0.812921205512387,0.734820876690228,0.997685743053861,109241,2,7,0.804426969564584,0.775035325167538,0.995038289677715
"Long QT syndrome",0.00217974534359537,7,0.830029545550577,0.736946631933065,0.997685743053861,50810,4,10,1.12619775739042,0.500241640739335,0.910348527149926
"Metalloprotease",0.0161728672163498,58,0.926919978645485,0.737137075678353,0.997685743053861,142270,27,73,1.04134724142265,0.439654392626589,0.910348527149926
"Cell junction",0.0151220217337807,54,0.922964872175369,0.741365675312292,0.997685743053861,146982,21,61,0.969268561688474,0.618292148548822,0.925417251823083
"GTPase activation",0.0239774446201112,87,0.937815974908444,0.741940946947097,0.997685743053861,213018,22,92,0.673270398439924,0.994089467827547,0.999829279410058
"Mitochondrion outer membrane",0.0184376733944214,66,0.925207379826066,0.754122829809536,0.999999913588626,230958,23,62,1.04445759757982,0.444344548019703,0.910348527149926
"Microtubule",0.0348057380170549,127,0.943092181202122,0.76097231857355,0.999999913588626,153217,41,140,0.824537643803699,0.951506596774565,0.999829279410058
"DNA damage",0.0244061905603616,88,0.931931399352787,0.762351030998298,0.999999913588626,200420,47,130,1.01790951148749,0.472499207541228,0.910348527149926
"Carboxypeptidase",0.00369867125634607,12,0.838565100769029,0.765734835246281,0.999999913588626,93483,7,19,1.03728740812275,0.53794393081349,0.912923527952075
"Serine protease inhibitor",0.00427074224428341,14,0.847278029659704,0.766534598192811,0.999999913588626,77104,12,28,1.20664045434688,0.265663618932227,0.795233397250496
"Collagen",0.0095973697026583,33,0.888715972180195,0.774213661893142,0.999999913588626,169552,18,46,1.10171519744715,0.355199060542452,0.874896472213964
"Amino-acid transport",0.00599433042495754,20,0.862363938062724,0.77494024396305,0.999999913588626,82251,10,28,1.00553371195573,0.562258969302843,0.916749197258111
"Voltage-gated channel",0.012373647170117,43,0.898197822237032,0.780080757820458,0.999999913588626,183486,27,75,1.01357798165138,0.508747823361046,0.910348527149926
"RNA-mediated gene silencing",0.0031734328954831,10,0.814464108989557,0.781476521471311,0.999999913588626,71686,7,20,0.985423037716616,0.602485926069583,0.916749197258111
"Nonsense-mediated mRNA decay",0.0020001588130031,6,0.775332592248651,0.783906787854482,0.999999913588626,26402,2,13,0.433152983611699,0.972895173373872,0.999829279410058
"Cell adhesion",0.0553948850904337,203,0.94716936385367,0.796095619916046,0.999999913588626,240446,91,234,1.0949144863518,0.153010985606054,0.725794829122206
"Host cell receptor for virus entry",0.00639234629494918,21,0.849102795818498,0.801049117101944,0.999999913588626,71706,14,33,1.19445216692923,0.255330062576282,0.795233397250496
"Glycosidase",0.00528581792507124,17,0.831262123460113,0.807414675007189,0.999999913588626,36594,10,27,1.04277570128742,0.506541300072624,0.910348527149926
"Oxidoreductase",0.0133806101123565,46,0.888552689316195,0.808509078718543,0.999999913588626,176928,22,79,0.784061729828772,0.941633258240006,0.999829279410058
"Dwarfism",0.0193968203473383,68,0.90610732149637,0.809409264372147,0.999999913588626,229780,32,91,0.990063962541027,0.567718722364117,0.916749197258111
"TPR repeat",0.0132312619708989,45,0.87904784940706,0.826268256759125,0.999999913588626,151569,20,70,0.804426969564584,0.912560209400876,0.999829279410058
"Vitamin C",0.00214962987474178,6,0.721421085376832,0.836391130578956,0.999999913588626,61684,4,9,1.25133084154491,0.40409012078856,0.902213791697728
"Charcot-Marie-Tooth disease",0.0123123099498805,41,0.860687681298976,0.851611999337428,0.999999913588626,59132,9,32,0.791857798165138,0.856235400866421,0.999829279410058
"Neuropathy",0.0123123099498805,41,0.860687681298976,0.851611999337428,0.999999913588626,59132,9,32,0.791857798165138,0.856235400866421,0.999829279410058
"Protein transport",0.00696576940597791,22,0.816309512854003,0.855217090533389,0.999999913588626,219079,13,46,0.795683198156274,0.883628775479333,0.999829279410058
"Congenital disorder of glycosylation",0.00346364767900696,10,0.746221161962645,0.8595080650031,0.999999913588626,114216,7,21,0.938498131158682,0.661939252037398,0.943876356669545
"tRNA processing",0.0058478094499637,18,0.795573965258547,0.861955865693774,0.999999913588626,113875,13,35,1.04575506043396,0.483469533523202,0.910348527149926
"Cleavage on pair of basic residues",0.0259576903475866,90,0.896143857540195,0.866341800155922,0.999999913588626,216407,45,127,0.997616123672614,0.541722629679021,0.912923527952075
"Protein kinase inhibitor",0.00199401279895134,5,0.648101957273561,0.883079699927859,0.999999913588626,428228,2,8,0.703873598369011,0.838529068227154,0.999829279410058
"Protease",0.0412005427176248,145,0.909633268520171,0.887197559691815,0.999999913588626,121813,77,208,1.04227436681565,0.34807552622716,0.874896472213964
"Iron",0.0171284494811166,57,0.860118076156943,0.888998790869948,0.999999913588626,176712,26,92,0.795683198156274,0.944147625623862,0.999829279410058
"Hypogonadotropic hypogonadism",0.00749567873752021,23,0.793082088784878,0.890534333178021,0.999999913588626,332358,6,17,0.993703903579781,0.597984483366302,0.916749197258111
"Angiogenesis",0.0149248576030004,49,0.848568984415443,0.892169047832702,0.999999913588626,172404,24,72,0.938498131158682,0.692680138396321,0.964319408355662
"Manganese",0.0228684578446125,77,0.870272212573073,0.903335058452385,0.999999913588626,189834,38,116,0.922317128897325,0.763741012488037,0.989518465084866
"Motor protein",0.00464528034059735,13,0.723323698031765,0.907833421269825,0.999999913588626,136604,6,21,0.804426969564584,0.812963250578592,0.998622678046367
"Myosin",0.00464528034059735,13,0.723323698031765,0.907833421269825,0.999999913588626,136604,6,21,0.804426969564584,0.812963250578592,0.998622678046367
"Redox-active center",0.00340833355254117,9,0.682498482097701,0.908860455462477,0.999999913588626,53985,6,17,0.993703903579781,0.597984483366302,0.916749197258111
"Primary microcephaly",0.00211816228279679,5,0.610115479972824,0.911240084230402,0.999999913588626,63627,4,13,0.866305967223398,0.73488210828926,0.976222600025829
"Tight junction",0.0137655964325584,44,0.826150012214228,0.914245059505431,0.999999913588626,149879,18,51,0.993703903579781,0.566009022479056,0.916749197258111
"Lipoprotein",0.083565017576371,300,0.927893251489712,0.917912467660174,0.999999913588626,159351,141,380,1.04469660389506,0.270896685980657,0.795233397250496
"SH2 domain",0.0109782561398066,34,0.8004732585326,0.920954495966997,0.999999913588626,250417,13,49,0.746967900309971,0.931800398018641,0.999829279410058
"Myristate",0.0209211547524545,69,0.85244174430412,0.921739913563018,0.999999913588626,120857,32,91,0.990063962541027,0.567718722364117,0.916749197258111
"Hereditary hemolytic anemia",0.00251753027587982,6,0.615995895760463,0.922686204657026,0.999999913588626,131909,1,8,0.351936799184506,0.970165897093494,0.999829279410058
"Congenital muscular dystrophy",0.0021935124150713,5,0.589157184135147,0.925264686913076,0.999999913588626,189899,2,13,0.433152983611699,0.972895173373872,0.999829279410058
"Serine protease",0.0113389042443636,35,0.79780770609286,0.926765584812195,0.999999913588626,131854,22,64,0.96782619775739,0.622171216857543,0.925417251823083
"Lysosome",0.0379588890661672,130,0.88517905476584,0.930107162504731,0.999999913588626,76236,60,165,1.0238161430822,0.438576716811655,0.910348527149926
"Ion transport",0.0382874549773741,131,0.884333479024029,0.93239632685902,0.999999913588626,159956,82,218,1.05903917552769,0.278228053500228,0.795233397250496
"Palmitate",0.0395641050162046,135,0.881929140747375,0.939452500406426,0.999999913588626,164673,64,186,0.968772264421865,0.652092252031566,0.943876356669545
"Cilium biogenesis/degradation",0.0170199108729626,54,0.820045120137729,0.941273634411525,0.999999913588626,135598,25,67,1.05055760950599,0.423931413144686,0.910348527149926
"Lipid droplet",0.00365724712163724,9,0.636047387208183,0.942683527284421,0.999999913588626,77338,3,21,0.402213484782292,0.992460217067482,0.999829279410058
"Kartagener syndrome",0.00233782082500651,5,0.552789839155145,0.946730654929158,0.999999913588626,109457,3,13,0.649729475417549,0.894136723978035,0.999829279410058
"Primary ciliary dyskinesia",0.00233782082500651,5,0.552789839155145,0.946730654929158,0.999999913588626,109457,3,13,0.649729475417549,0.894136723978035,0.999829279410058
"Prenylation",0.0145713388747435,45,0.798204782720408,0.948596755033602,0.999999913588626,112078,23,62,1.04445759757982,0.444344548019703,0.910348527149926
"Pharmaceutical",0.00308370109032748,7,0.586714789781496,0.952625786388323,0.999999913588626,46831,4,21,0.53628464637639,0.970419020455762,0.999829279410058
"G-protein coupled receptor",0.0493245899317965,169,0.885573253969591,0.953445587129021,0.999999913588626,152245,93,235,1.11421693018414,0.10638278356123,0.723306061851293
"Transducer",0.0493245899317965,169,0.885573253969591,0.953445587129021,0.999999913588626,152245,93,235,1.11421693018414,0.10638278356123,0.723306061851293
"Pyrrolidone carboxylic acid",0.00538452291074242,14,0.672019811950617,0.953815123771522,0.999999913588626,120972,8,24,0.938498131158682,0.662405454192984,0.943876356669545
"Hereditary spastic paraplegia",0.00507943477321331,13,0.661499065225623,0.954810772759379,0.999999913588626,82265,10,31,0.908223997895498,0.710303142477403,0.972561897973062
"Differentiation",0.0210472709607965,67,0.822773472302551,0.956195066987939,0.999999913588626,149977,32,99,0.910058793850843,0.779213083184239,0.995038289677715
"Sulfation",0.00943142732326092,27,0.739924847967042,0.957115776101488,0.999999913588626,82011,8,21,1.07256929275278,0.483579274133952,0.910348527149926
"Methylation",0.105007231400133,374,0.920563315770639,0.958434582579663,0.999999913588626,147349,145,424,0.962845960033081,0.736380144758882,0.976222600025829
"Spermatogenesis",0.0194654098641559,61,0.809967424448899,0.961196788631792,0.999999913588626,146968,28,89,0.885773517048643,0.81955184751084,0.999829279410058
"Lipid transport",0.0116069933773011,34,0.757112559607566,0.96138882500003,0.999999913588626,165885,19,78,0.68582555738519,0.987600317438702,0.999829279410058
"Dioxygenase",0.00744946071185101,20,0.693915249877348,0.965521331983861,0.999999913588626,143151,11,39,0.794113803288115,0.870681647067206,0.999829279410058
"Dystonia",0.00590066517080879,15,0.657039618629179,0.966902022374174,0.999999913588626,94938,8,19,1.18547132356886,0.352066374413792,0.874896472213964
"Receptor",0.0556678910346126,190,0.882165568064434,0.967118646077959,0.999999913588626,143660,107,267,1.12830674195482,0.065541262640628,0.684327889335969
"Iron-sulfur",0.00496327510763514,12,0.624905242511766,0.968811852846223,0.999999913588626,260675,8,25,0.900958205912334,0.712963651443931,0.972561897973062
"Oxidation",0.00444492028251014,10,0.581483363341263,0.976649338703317,0.999999913588626,305088,4,18,0.625665420772454,0.928262216346843,0.999829279410058
"Aminopeptidase",0.00271739865284289,5,0.475573797932406,0.979217799158566,0.999999913588626,49750,5,13,1.08288245902925,0.51543677171024,0.910348527149926
"Isomerase",0.00353813736931423,7,0.511357487883838,0.982955446292744,0.999999913588626,76665,6,17,0.993703903579781,0.597984483366302,0.916749197258111
"Rotamase",0.00317576838082276,6,0.488319087361435,0.983149197400557,0.999999913588626,50230,5,13,1.08288245902925,0.51543677171024,0.910348527149926
"Fanconi anemia",0.00324755382494726,6,0.477525054544665,0.985891136713562,0.999999913588626,89053,3,12,0.703873598369011,0.857385658819087,0.999829279410058
"Deafness",0.0190576832919625,56,0.759484984294394,0.98683478437293,0.999999913588626,90968,32,69,1.30573653030773,0.0403589779164848,0.670710701773764
"Ion channel",0.0246434267027593,75,0.786613574534377,0.987101785890664,0.999999913588626,211653,49,137,1.00700164438194,0.508070908842987,0.910348527149926
"Growth regulation",0.0084216372145576,21,0.644501653609463,0.987791927421145,0.999999913588626,145221,11,33,0.938498131158682,0.666277573020875,0.943876356669545
"Sarcoplasmic reticulum",0.0044349637397463,9,0.524509919944708,0.988629129076707,0.999999913588626,153322,5,24,0.586561331974176,0.962436847927725,0.999829279410058
"Hydrolase",0.0885076420767922,303,0.884836700999023,0.989113615740301,0.999999913588626,150157,140,437,0.901989050541525,0.947543474694526,0.999829279410058
"Signal transduction inhibitor",0.00612745308931855,13,0.54835856029847,0.99380890546317,0.999999913588626,199675,8,23,0.979302397730798,0.60686214466382,0.916749197258111
"Proto-oncogene",0.0231337198110863,67,0.748566869155577,0.994738698965881,0.999999913588626,143003,34,115,0.832407038071178,0.926883719607202,0.999829279410058
"Wnt signaling pathway",0.0231980071180676,66,0.735350730970997,0.996547900115146,0.999999913588626,111737,33,114,0.815011534953592,0.944180786371389,0.999829279410058
"Exonuclease",0.00345774750551728,5,0.373747243188472,0.997187424276207,0.999999913588626,104850,2,17,0.331234634526594,0.994067347597606,0.999829279410058
"Nuclease",0.00345774750551728,5,0.373747243188472,0.997187424276207,0.999999913588626,104850,2,17,0.331234634526594,0.994067347597606,0.999829279410058
"Ligand-gated ion channel",0.00658815830263809,13,0.510012237108764,0.997661281842013,0.999999913588626,435379,9,35,0.723984272608126,0.921096687883065,0.999829279410058
"Translocase",0.00769185950605223,16,0.537637941748489,0.997855633377208,0.999999913588626,226673,10,38,0.740919577230538,0.915559077604399,0.999829279410058
"Hirschsprung disease",0.0050485817826735,8,0.409564080673615,0.998958204549904,0.999999913588626,43296,3,7,1.20664045434688,0.479607431504799,0.910348527149926
"Necrosis",0.00395668092623874,5,0.326618097825086,0.999332852418071,0.999999913588626,88459,2,9,0.625665420772454,0.885312778123841,0.999829279410058
"ATP-binding",0.00945465925637655,19,0.519408424839612,0.999498105956423,0.999999913588626,119459,9,51,0.49685195178989,0.998544114001448,0.999829279410058
"Helicase",0.00945465925637655,19,0.519408424839612,0.999498105956423,0.999999913588626,119459,9,51,0.49685195178989,0.998544114001448,0.999829279410058
"Sensory transduction",0.0219970759723547,57,0.669747607989569,0.99954747413635,0.999999913588626,103858,42,122,0.969268561688474,0.633442168486574,0.929895560605787
"Bromodomain",0.00504722965958211,7,0.358464575418241,0.999651014533535,0.999999913588626,196924,5,18,0.782081775965568,0.823693375048212,0.999829279410058
"Kallmann syndrome",0.00981481567980939,19,0.500348639440285,0.999764643944567,0.999999913588626,386380,4,14,0.804426969564584,0.79147688287224,0.998622678046367
"Calcium",0.0091490794377233,16,0.452005640698814,0.99991152482867,0.999999913588626,121895,11,50,0.61940876656473,0.9869449301267,0.999829279410058
"Citrullination",0.0080129272801159,13,0.419327573668749,0.999914570319712,0.999999913588626,76511,4,12,0.938498131158682,0.667360466264946,0.943876356669545
"Chromosomal rearrangement",0.0400878683336951,106,0.683430210005563,0.999991201541952,0.999999913588626,164541,59,176,0.943830506903901,0.736979314949076,0.976222600025829
"Olfaction",0.0102002936811354,15,0.380084232344879,0.999997419713992,0.999999913588626,44619,15,66,0.639885089426374,0.991408019985024,0.999829279410058
"Tumor suppressor",0.0225677948372007,44,0.503923743676896,0.999999913588626,0.999999913588626,151343,16,86,0.523812910414148,0.999829279410058,0.999829279410058
