"","PC1","PC2","PC3","PC4","PC5","PC6"
"R10699",-33.9670605508543,4.66296706911714,-12.2430699256363,1.40359784241197,-1.14970393842288,2.99593081020129
"R10700",-10.7186736640045,1.51244330603079,-12.6625836147612,-1.93826357402092,-0.0820507777280584,3.7977080854218
"R10701",6.39797563796517,0.603144337303716,-11.5488425051719,-2.73598574361179,-0.479544499395361,2.36947207337554
"R10702",-2.24740268433569,0.506885357717071,-10.8617579318538,-2.24636858838976,-0.476948925425245,2.41733125751957
"R10703",-36.5142927911615,2.88703974149727,-12.5115633730627,4.94680726876766,9.0774308736366,6.30907034329213
"R10704",-7.67520686114614,1.04064145357283,-9.96860991512902,-0.0758606585226325,0.207959959612216,4.07775707416416
"R10705",-2.4391850104361,-1.61149986349968,-9.39020492383981,-2.27273070463932,-1.7730439256876,3.4112587314519
"R10706",29.5546634863951,-0.285494024554668,-11.1156836470815,0.71057936106195,0.451586194375799,1.62055441884862
"R10707",-11.0546642920898,1.16816619705573,-11.1180328399239,4.9123553642833,-1.59184690553088,4.29677450610566
"R10708",-35.8068417792379,3.73346791754909,-13.174612545449,4.57095234397472,-0.642964533158109,-0.496388785271387
"R10709",13.3468631117575,1.8333299342626,-13.8695252174299,0.610964622822392,-0.835895258361371,1.20297842496083
"R10710",-15.2813193525926,2.4503057487291,-11.571398822621,4.19113721677307,0.94423246450213,3.20757831170071
"R10711",14.3434320605232,0.813207522130365,-9.34347513435948,0.287758065853156,-0.136643331138163,7.21504787931496
"R10712",-32.0536539338421,1.40963143411468,-12.2217020903225,1.58947549472477,-1.93970318383941,3.08330523224597
"R10713",-21.9112169664544,3.94126531765939,-12.1738140478161,3.24485542326096,-0.496387708723643,5.11174953859345
"R10714",-8.37357381650108,1.28073253837647,-10.6648046103716,2.12721717758925,-2.28426094058229,1.44054991975062
"R10715",-16.5262453742215,2.23839517185973,-11.9591666474575,1.44328816521871,-2.28775949088333,2.48786027016356
"R10716",25.9389941210301,0.418509506323508,-11.2420017564349,1.10697575474424,-0.153840788426299,2.32336442168817
"R10756",-21.4263707327963,2.66140241039979,1.75717160652674,-3.11101450636751,-1.58056428327677,1.10248847504676
"R11443",45.080511887865,13.2532631479589,3.41000441863489,9.07060765165007,-1.37488798874183,2.55700148420481
"R11444",40.6343706073696,4.85772835070398,2.35575057713354,0.852133321872384,-0.444703677320692,1.28083163642986
"R11445",15.7628293350561,3.30009830159899,0.192420430460489,-3.23114103725209,0.400496995997229,-0.908707779853312
"R11446",18.4020099805177,-2.70239585493733,-10.7524092324638,4.66827595689296,2.78985502565539,-13.8697670311274
"R11447",-24.8421247799776,5.02562168576143,2.5453662551302,0.00108885201000208,0.0769401837967098,0.740537108985254
"R11448",27.8012807798683,2.83816938844576,0.245536630749364,0.849807764626572,-2.39075079702564,-0.70114841554479
"R11449",-28.9106967228016,4.85977195827286,-0.587967202133713,-0.708460112560673,-0.76593564712567,-0.732814558947374
"R11450",-1.91829628199961,0.249595812429419,1.12644781318884,-3.25459982530409,-1.48278963118452,0.123462884703424
"R11451",-35.1756900457975,5.95869670668148,2.20065066806007,1.22052775891145,0.281643345639396,1.98036067132702
"R11452",-33.4300815080774,3.58176539110648,3.69178123136618,-2.66824496483474,0.183275628532162,-0.997492101523154
"R11454",-33.9810346853587,6.77095365812504,-0.330027093443874,0.874314640451806,0.192068809528935,-1.21074264534597
"R11455",-31.8996993536358,4.5753232702737,1.61327646872981,1.14032064877891,-1.0188312945088,1.20126302089766
"R11457",-22.9899097955461,6.28332255387225,3.47990623652661,1.86810576392666,-0.0832269897035869,1.80505135261944
"R11458",-16.6116728449875,4.06432212320518,-1.52863782396611,-0.608988144963809,0.27366949469937,0.708583877585558
"R11459",-18.7415654088274,2.67068782915307,-0.253574360079544,0.143597335609903,-0.211540548905836,-0.146160523825027
"R11460",19.756815993693,-1.88204275485976,-2.1106901736703,-5.36248946618849,-1.84053238996084,-1.98067738183921
"R11461",-0.170271160500825,1.11376208051674,-3.08761125739773,-4.06994468281462,-0.517853178491609,-3.18054056697251
"R11462",38.7630053707097,7.98404229885224,0.87864474248363,0.644020076463214,0.912200305333281,1.6277062130927
"R11463",-26.3892034412527,0.639024917501712,1.50025637748113,-2.26290507392482,-1.93916569457685,-2.28101580020916
"R11464",20.0415931310969,1.94785284366421,-0.505914334011836,-1.69491691734576,0.249358881232877,-1.86250622837998
"R11465",34.2199564361142,0.728451635621958,-0.825780071549817,-1.36836119198237,-1.75787257844559,0.376782578205687
"R11467",-16.9318919706323,4.16883310509489,1.09846176951409,-0.400773517478452,-2.07862535758387,-1.50545733202631
"R11468",26.8291576776387,1.4387376792575,1.37649708237664,-2.89710676867669,-0.855484102639699,2.53578754083119
"R11469",8.70890935118694,-0.0755074142500516,-0.493710379205503,-4.21622295361967,-0.346633940164865,-1.02265288524714
"R11470",-38.3207594097042,4.56783064593983,1.36702767253014,0.716462209677653,-0.127163980915333,0.372889135610447
"R11471",45.3297982550016,12.6273341921014,1.7323138828404,8.10598077119889,-1.89075804916878,2.1089689030098
"R11472",-31.0646130255883,4.59945248838962,1.88801852590626,-1.70245989198903,-0.672541597975335,-0.138562192349836
"R11473",-7.14645880287399,-0.898399488757409,0.779744317484263,-2.57669221777968,7.43388954086814,0.759583219774842
"R12202",7.24636112313871,-0.149279299586046,0.927447772941286,-2.75911389548573,-1.3962929182272,-0.110942641453302
"R12203",-6.72881959914316,2.38887244655415,1.35029029130325,-2.95811347726348,-0.650200216297812,-0.264986132966454
"R12204",0.302779704394919,-0.554563503754297,2.0124162035463,-0.546345750413501,-0.114437438480523,-0.779493452997159
"R12205",-14.2908500493945,0.393315139435511,1.30668152136719,-1.10400751518782,0.16373469516978,-0.256992225110714
"R12206",11.7643767881382,0.381093638598343,-1.68311039288772,-2.69150673068339,0.680231916825343,-0.342959930482145
"R12207",-21.3240561032779,4.70747866991635,2.56781676677137,-0.243119532522858,-2.78421909259858,-0.518900197110281
"R12208",-2.00335725427928,2.24879020951994,3.88436996610993,1.89135279837826,-2.6577787402344,0.226830011375051
"R12209",-24.5021660643662,3.1847978848399,2.29194592050889,0.150770252641985,-1.13493634250272,0.791270960388427
"R12210",19.8497998795001,3.77355835477138,1.4168184516316,-1.29484716142286,-2.25437435023886,3.85801816236954
"R12211",40.7153387581483,11.1336227531768,2.79989626554416,4.27655589042828,-2.99185672595813,2.14702408982181
"R12212",-32.7240776312621,4.59730249805637,1.45309184482617,-0.571800280291796,-0.967102483062896,0.999702964118514
"R12213",9.22768403207864,7.49434149897426,3.67377049803866,0.977126640347397,-3.35809406004549,1.29940544811049
"R12214",-16.2170200638791,3.54725713814016,3.13627912914856,-1.87875195895337,-0.170133915129242,1.91390309360904
"R12215",3.32869684450845,-2.18264968247618,1.22947855284838,-5.81990475595806,-0.142235713513188,-0.0489314866367456
"R12216",6.1609138506834,0.145776477645823,0.661068268445481,-4.31059185079503,-1.94269506513259,1.69260954263247
"R12218",11.8263357889181,4.11448577348859,-0.115722563118211,-0.283294994509915,-1.83126979080494,2.76275232942252
"R12219",44.1661818411986,3.08495913181833,2.60993600110976,-0.313610863760753,-0.634585947666672,1.1586784245987
"R12220",-19.6209907276093,2.16199792808975,2.27635878630037,-2.05245865678791,-0.638184703549288,1.77923935340921
"R12222",-7.38454146299332,0.495515590382681,2.10990173318726,-3.01431495483827,-0.228395445303593,1.7704213562819
"R12224",23.169010435436,3.83987481571546,-1.08651851275963,-3.08680692683885,-0.772021046836057,-1.61502861583864
"R12225",-2.82594486649858,3.28613678847183,-0.124288476185269,1.96101951594805,-2.57965202843204,-2.2423338802671
"R12226",-21.6945565496482,4.23209885550791,0.0805545392539427,-0.161897797930378,-1.15091663579748,-0.830847604763702
"R12227",-7.29636025120749,3.42372265395518,-0.489077683957858,1.39558608007553,-2.14436282725619,-2.53540012375248
"R12228",-15.4926183796681,2.6904549504421,0.850213055707051,0.0430459123706547,0.415401801862963,-3.26756468909652
"R12229",6.6328669654436,0.191484936429343,-0.317865729922517,-4.84046229022746,0.751188445275366,-1.20310797732722
"R12230",0.914578079219972,3.86949014149661,-3.28604524588131,-1.82106079027165,0.99810062019226,-0.223131048193775
"R12231",6.18670859851691,2.50610089186257,-3.36131683419242,-2.74511345848092,-0.0502904375480025,0.249427940316959
"R12232",-17.3418230214131,2.86632910374106,2.42869715480232,0.622545933372879,-2.05168701009531,0.604966324724637
"R12233",0.778612275425105,1.88422520548767,0.706477779931898,3.90275172503548,-3.22551862734642,-1.09907045578583
"R12234",-4.54761488628142,1.32739269792892,0.110825126823591,-0.6738859269992,-2.14106094535801,-1.65644895167909
"R12235",14.7916939424453,-1.07874684720866,-1.36033131071173,-5.73991842178416,0.397284614813073,-0.0833211487858369
"R12236",-26.9607940577359,2.52263117027089,-0.0165244085467409,0.259785646038186,0.157283897788027,-3.70593993630221
"R12238",-16.3339372262129,1.57545712987249,-0.249888357527876,0.529661045226132,0.438710699707572,-1.77596902765053
"R12239",47.1301062778853,8.88099664730727,5.35978063410361,4.93223074053604,-1.56838117313012,3.28684873485876
"R12240",-22.2323563567559,4.5741384591525,3.61951421982578,0.694324078198218,-2.69234166521133,2.22296291585766
"R12572",-19.0151461742145,2.50635472856911,2.20513268826743,0.233106975916285,-1.00213552850495,-2.13022723238252
"R12573",-14.0383665962758,1.83077425599096,-3.94228122330084,-3.04810045868549,1.82908147162557,-3.82932284045113
"R12574",-0.276715136534904,-0.194100721240639,-1.08739424894733,-4.07559463842954,-0.198785892590074,-3.13639358374783
"R12575",18.0575234031956,1.3611220446699,-4.1625243566499,-4.40201150247962,-0.668400700983005,-2.47388078812818
"R12576",-5.80925515740523,0.105170992919607,-3.62810455360201,-4.32091589510288,1.96372875537459,-1.79839704183413
"R12577",-30.1728851263982,5.36657669275008,0.79729086986887,0.426709512124261,4.19704307055219,1.35215588943881
"R12578",-24.3847695853861,1.70102485858253,0.348895325029519,-1.5239234027243,-0.68605717337252,-2.60468521214535
"R12579",-11.3476238827266,5.16958952355363,-1.45950733355036,3.87876366002014,0.806692038035305,-5.56422936068815
"R12580",-13.8853561146869,2.33380635588253,-0.51698832667848,0.683345228417428,-0.352717898245865,-4.486155352817
"R12581",14.5365196688291,-0.97627775482466,-5.12305886373179,-4.23592633295152,0.660745789381942,-4.28497934473664
"R12582",-4.3978240414748,0.878998273161307,0.17403679486877,3.69529417138423,14.6507675342023,0.439719217200433
"R12583",-39.0533090817177,5.94272227755833,-1.43719566158283,-0.373154088296486,0.186539010149899,-2.61552844360818
"R12585",14.6430941564121,-1.05159193240027,-2.81548153296696,-3.97859201424844,2.13105532235223,-2.37915514445912
"R12586",-11.6963735209055,0.958992814798038,-0.122954188611893,-0.343141401031432,-3.50979756524042,-4.80835934204561
"R12587",-21.5538633254257,6.5240537333736,-2.14119942367945,1.80574349162645,-0.970018309189108,-1.30209598476092
"R12588",39.2142699394664,5.19534279967133,1.37427476522384,-0.00228050824227394,-0.930019172115711,-0.893147109316078
"R12591",-11.7587563735579,4.39773845871679,1.03470177543717,4.33747845633675,-0.327355327537044,-2.09231822883706
"R12593",39.0872206019501,8.49253242739149,4.02140483056206,6.6653474382687,-0.997173289039632,0.113885710715998
"R12594",-31.9193413286012,4.99629136274722,3.29006497109512,-2.27297309915233,-0.517902024958564,2.01267971941202
"R12595",6.92288968172153,3.81808891825384,-1.10030007798607,-1.8030950254151,0.302256648000893,0.280635228848899
"R12596",8.18850913803446,5.64246177243911,3.2140026993647,1.35608661056589,-2.55978477146744,-0.869235833875622
"R12599",-1.97231875535704,7.27769069790018,-0.879566480309666,0.894786596674269,0.473020819744273,0.613382724371351
"R12601",-23.2487464518507,0.921131072083046,0.643552392697692,-0.906964637237448,0.10465727382971,0.406021482040177
"R12602",26.0969305084725,6.08187868704073,-1.17322387445843,0.993292896191808,-1.04913463016206,0.6868064587562
"R12603",30.1719768138093,-0.274726651016975,-0.108687299450542,-4.06404898301289,0.359399447157085,0.576750881133429
"R12605",6.83304215680992,3.29688993638127,-1.09395850124817,-2.18235153863459,0.0108386089479049,0.149453102680962
"R12606",21.4147381821768,5.08020278011644,-3.52188847681793,-0.703420389064305,-0.26053175703359,-4.02420955730638
"R12607",-15.7667924324028,1.50729602846832,2.38173070553355,-1.0247969670162,-1.20930498175149,0.61476138142057
"R12608",-0.371879809286317,-1.56929227110458,-0.703072553259525,-5.98569916996431,0.730364504805296,-1.3664091547924
"R12610",24.0166836547356,3.49567942004571,-4.62124464913654,-1.27945956479649,-0.594071886862368,-2.73020168389454
"R12611",-23.3686962663487,1.78133686639333,3.03068129288948,-0.323170251940064,-1.58314885713476,0.218650965608755
"R12612",-29.7893610887966,1.93248576898853,-2.54492327653436,0.499889370774052,0.46555734031807,-3.48101956540163
"R12613",54.6835600768307,7.81708846368011,0.279094622871111,5.72718220422258,-0.305399350436703,-0.685003418908269
"R12614",-40.761947290853,7.51473111143234,0.556132626499828,0.0852812475080138,-0.893882754953861,-0.599226676678777
"R12615",46.9728335091643,4.64223893289413,-2.17767781202859,2.30316834778719,-0.884637862607569,-5.00811578334768
"R12616",-21.0189053469833,1.4198429492004,-1.27448359718601,-1.88592124723606,-0.157290769594581,-0.407992277181099
"R12617",-10.3317745350741,-1.49121826991262,0.542081792673651,-0.541213116807269,11.793423786606,-1.62505212692592
"R12618",41.3452903392913,9.39322643686074,2.07809069377037,11.9074150412531,-0.864801842854507,-1.94526529652385
"R12619",8.56295059238306,-4.71451375491417,11.7500263727565,0.590061477432652,0.648095982439369,2.15248266269522
"R12620",25.7675430495156,2.26599281139574,1.07543385581964,7.39646886331373,-2.94762855213556,-10.5281850489013
"R12621",-24.7844340795341,4.44354796326454,3.23642244337075,2.51973173916418,0.819740878664197,1.41356555577722
"R12622",31.6279046869464,11.0982339252183,6.44654942117136,8.15359542960905,2.23486358571964,-2.52190361682167
"R12623",-24.7482148295438,0.25020486398458,2.22085510332878,0.220096009333987,-0.379518092600836,0.0724292546831889
"R12624",-24.4501731104578,0.680270159798164,-0.238936970946519,-1.5682897858832,3.27134679680131,-4.93621278202472
"R12626",25.5804492639295,1.16804816313911,-0.881831660263811,-1.78876293155301,0.0458975774479976,-1.52645370877385
"R12627",3.16196629402731,-1.93314792281482,1.36964419250313,-0.824676111750052,7.17375295472802,-1.81549071632405
"R12628",-20.3496480358084,2.36735566116586,0.597828124931845,1.87455351399153,0.523636684651319,-3.66478951004166
"R12629",-16.6747960668034,-2.47242202944123,2.76569064098406,-1.19287839055471,0.0146236525603382,-2.45066188241403
"R12630",-5.80817034547272,-1.79717524463256,5.25690672358784,-0.796794599862417,-1.65750679619135,0.453561460587666
"R12631",8.29304762276552,-1.55801262333134,1.64747049394719,-5.16445728947699,0.528960843407464,-1.93940411446652
"R12632",-3.6085951145461,1.27307990683769,0.503527361348175,-1.0388470987702,5.55449073867635,-0.500605577235625
"R12633",37.6866892301496,-2.0282207694851,-0.14373993977653,-4.08861091961379,-0.401422710667079,-1.04253329814057
"R12636",-2.20561025802382,2.71847057525461,-1.20508637487045,-3.21996845905179,0.998554219758689,-1.71501016366374
"R12637",7.31711523020416,-3.61112779835776,3.05365513392169,-4.87784176884847,-1.03589716609427,-0.87538688889813
"R12638",10.8104737343268,-1.83322904815759,0.595706905154139,-3.7405989262765,3.63033979225595,-0.0547860643924178
"R12639",-17.1416785105932,1.58755700354983,2.67569609744091,-1.22441470059632,4.76062657743656,-1.52944862414693
"R12640",-17.9155859759318,-0.349256399340795,2.67655853469471,0.126607810559909,0.924638688190053,-1.62085777499598
"R12641",-20.3557013397907,0.411145291222191,3.00886594597784,-0.0463707645666391,-0.526744095606027,-1.6975466387458
"R12642",-29.74262030767,-0.344013443790824,1.48442856728069,-1.57026481812341,0.71381678913196,-1.24429287583603
"R12644",-2.44885748630757,-3.27909093110132,1.1124619987432,1.27975638643988,0.384372666112596,-6.99824196705237
"R12645",-25.0644180157839,3.8811298632089,1.08097843638544,-0.411194312009095,0.363316076929951,-1.73508784550747
"R12646",12.320198562684,1.56232730404996,-0.188403054777289,-2.67747154178193,2.69494026105061,-1.05048166306463
"R12647",25.6602793195793,-0.824336156894869,2.99638846597507,-5.33713845557163,1.14159532538109,0.00903999769024166
"R12648",27.9894299802795,2.85348273936404,-1.82262144541163,-2.49071093969981,-0.54163081893609,-3.01528517827446
"R12649",-33.3925794161506,4.34145100617638,2.38512377670532,-1.07704495250125,-0.574083781723748,-4.25195934085707
"R12650",-27.7330685124172,5.07097583494795,0.103810361996586,-0.163787072164576,1.72417618529097,-2.37163487073907
"R12651",34.6785886994278,0.862441596759691,2.90975645741444,-0.115916622038225,6.31968114436348,-0.00924797799012023
"R12652",35.4004674587489,-5.10714141851917,-3.29859729096489,-0.71625853690309,0.20320349887234,-1.02894626141877
"R12653",-15.7046961212397,3.77977198224961,2.22995390310051,2.16571613645135,4.01546924456711,-0.899065901238478
"R12654",-15.3433003966165,2.03719688523799,3.18088696552051,2.06047694317747,3.9445436919688,0.268188047692445
"R12655",10.1307600417715,-1.1478451365293,0.293213413191235,-3.3030305427236,2.79288787996298,-1.71203803891918
"R12656",48.2924118973423,2.59266362273648,0.568149393685545,0.706678722384076,-1.27043980251182,4.08325561896361
"R12657",-21.6512164653148,3.46644748385844,2.70514889729243,1.88369210272711,11.6220257950689,1.75433669344521
"R12658",0.408103480873529,-2.99023733163933,-3.79893581111137,-4.63592854142789,-0.112492711892023,-2.61950021330004
"R12659",-25.2734649095971,0.717190571498162,1.82883643482462,-1.41747709982974,-0.751975008155473,-4.92836304746589
"R12660",-20.3961382881869,2.47126834821466,-1.71972534439681,0.55016827378589,0.531196438304835,0.608745571238626
"R12661",-15.6517546599858,3.09063774468888,1.27003154267152,-1.46721366121187,-1.54793799039277,-4.72653331065277
"R12662",-6.1128190986876,-1.13740543457359,-1.04795732844972,-3.92228962504598,0.749981784532979,-3.22356035171934
"R12663",-22.0141118070064,-0.385796344155,3.41511163811282,-0.681157239590592,-0.16925925635208,-2.89298601283372
"R12664",21.87557610845,-2.21451720686115,-0.747917927019117,-5.46104635030556,1.6081040588811,-3.88261600629907
"R12665",29.0366690034522,-2.77528393438953,0.906394125585091,-4.31972084196522,-0.401381024310698,-1.45136353193301
"R12667",-9.5356685266789,-1.60378205176756,3.55941663427963,1.27958624522431,-0.209607176012133,-3.26161635415847
"R12668",14.7532016886999,-0.32888285942664,1.51559493021927,-4.30814718921072,-0.917690167728677,-1.87221121397682
"R12669",-0.834541493895155,-0.182555943394868,3.0605050489541,0.389742094399418,0.678310983193858,-4.28390006387125
"R12670",-9.1368606672298,-5.98551200991859,1.92129396271812,1.35360527280413,-1.29612809740164,0.921187157847849
"R12671",22.1799033525714,1.04399842580312,-1.2445385680148,-4.43121870216642,1.29930248645918,-2.54827539970083
"R12672",-1.46173457294665,-2.8503065888405,2.12647197243723,-2.27621777877183,0.864721727044037,-4.16998219446405
"R12673",1.36404965077897,-0.388261809604856,-3.11081994668958,-4.09757274458995,1.47979117556369,-4.75377833871319
"R12674",23.9437226522495,-2.67268922262469,4.97608382508907,3.67686846619326,1.92052025807389,-0.809165639217759
"R12676",-9.59765841798001,-1.56063090144498,2.50317186433236,-3.76267629666977,0.226143654635159,-0.613104989682282
"R12678",-14.6061664878298,-0.634987093060952,5.53410044348441,1.00154039388395,-0.311209182050152,1.98730608703222
"R12679",13.5828704583997,-2.1358154580363,1.37875253416661,0.644475271715247,0.52813814524023,-3.04566260065897
"R12680",0.583793048538385,-2.74670842945028,3.54371018393452,-6.30048750950359,0.584328553117444,-1.68445917048918
"R12681",-9.83599705510925,-0.283613127988671,0.82481172423745,-2.14389121007344,0.868965995443793,-2.6779972230747
"R12682",6.65772477873231,-1.41959212212891,-0.174522110202305,-3.56445773090213,-1.46409813254791,-3.18610375609474
"R12683",49.7592439640858,9.09350121131046,5.10752113274527,12.3129097320802,-2.21708153444726,0.0724624201199802
"R12684",-8.6353972365589,0.210135627537454,3.18965992317277,0.282730031648806,-0.808776810556511,-3.40744067436194
"R12685",-16.6604624517183,-0.240976646779599,0.602879601829992,-1.00696267522039,-0.734902628135575,0.580989901849256
"R12686",42.4326336701158,-1.59849150206778,2.2278175302871,-0.868279789709661,2.48821067588449,-3.39958331113544
"R12687",21.6574661697546,-4.08474742298877,2.65033102293096,-5.84074695895501,1.13000738839887,2.19479666164917
"R12732",35.9580731607889,1.98625095543242,3.03650032042886,4.47027854404922,24.4662622766422,4.40172605475398
"R12733",-1.10553035480534,-2.46375532721275,-0.108413837946097,-5.01089952240746,-0.41855195489283,1.97704709403913
"R12734",21.7703807434982,-3.4282731895038,-1.44864571806756,-7.24843865274928,-0.417661227201487,1.06390302056201
"R12735",33.7772127322461,1.83266743121506,-0.694611200608117,3.63241967471175,-0.14220807760288,3.36022328539197
"R12737",20.6644977918046,-3.13343886935984,-0.787468236525168,-4.61784117932531,0.415587456598735,0.494364115722028
"R12738",16.3574220688561,-4.76139194082655,-0.843610583199964,-7.10771041510907,0.235029411438848,-0.702034627439909
"R12739",-16.7863531664344,2.022217019282,3.7426841588276,0.155882838787502,-1.55073387571052,1.01237148971091
"R12740",-13.4076020031272,-1.48122981206867,2.59957847581655,-3.40292634218812,-0.572141977903432,0.827868078906723
"R12741",19.6043834454594,-5.27923548651176,1.80318870695556,-5.94270123000777,-0.948735622805599,1.93537990246625
"R12742",8.13807329222636,0.0659239425221478,3.57302220941623,-1.83135848286921,-3.02041615328296,2.10040236252157
"R12743",-1.54858791174407,-2.75955710822748,0.406374689890037,-5.326157178278,-1.67840747301045,1.98461537939721
"R12744",29.7677233536492,1.05849902685451,-1.12460027054852,-0.486049736631176,-0.0829538047706072,0.693927015001564
"R12745",22.1187242549358,-2.88632412644034,-1.53020069130982,-2.35156725704971,-0.401762922762437,-1.48024129683124
"R12746",-10.9871122299174,-1.83479668409619,1.46393854396397,-0.681052769610046,-1.64242255086027,5.14395192426516
"R12747",-27.4750607356873,0.833997837620038,3.24900822716212,-2.051596298776,-0.963842293177036,1.88289661446643
"R12748",9.82231937077229,-3.12070491915034,1.50418666462903,-5.41481302959127,1.35860478528396,2.19893509146794
"R12750",4.53322590606669,-2.25981033846496,1.04458153898014,-2.17376502712413,-2.00845643310911,2.77290447861967
"R12751",-22.0400149710812,-1.74347899752598,3.81449512371244,-1.51795165154637,-1.22062024738247,2.0540933280037
"R12753",-17.6393055647419,-0.570334655243177,1.46077029044278,-1.36492319493519,-0.710011447583771,3.43600009166432
"R12754",37.1394163482723,-3.62618480509792,0.443507347586793,-6.15737131958188,-0.636887480441406,2.26403000253482
"R12755",-22.8860786817603,-0.298285840248969,1.67899183096825,-1.38255928088609,-1.67788666315765,3.00979623334596
"R12756",-20.5075143945013,0.664698235205785,2.64899870985981,0.173930604631615,-0.622100451916354,0.943768196325023
"R12757",47.9323009452566,4.69384793766614,5.0912368199597,6.78395870751861,-1.26327673370533,2.220734926727
"R12758",-18.6216102611619,1.19367306120734,2.84989501141554,0.617301396797062,-3.09969116435152,2.45913471877323
"R12759",31.6187119296851,2.8004346828898,-0.480041040108543,1.37666778059942,-2.19521252625728,3.36107132092481
"R12771",-17.5444000429576,-2.72652385876322,4.20555068527335,-4.39126108617887,-0.684170402586131,3.30873017731653
"R12772",26.4744152826338,1.16998471315716,-1.71179483155713,-1.61436744412726,-0.874335783290531,3.59356505682225
"R12774",0.990892850178965,-10.052430820523,1.05501121247559,2.01645724164599,-0.342347751992552,-0.207119855258993
"R12776",2.47000635388696,-1.16891945694595,2.23915712855101,-2.2026164961374,-1.34159336266057,7.04489337849769
"R12777",-19.5797956505361,-1.85297743223594,2.87008669174543,-2.48624218406775,-1.37023647201882,2.16629236060833
"R12778",9.01150775871373,-2.45253531123023,0.834672068206846,-4.00734120763902,-0.0243632501658043,2.42759434599851
"R12780",-12.5729039608355,-2.47165324162625,3.19079001922869,1.42979608675137,16.1223577517105,7.08396406629389
"R12781",-14.0171004710324,-2.48187756060419,1.8471656677584,-4.38192635941961,-0.0421737795205371,0.393069654449668
"R12782",-17.751436974875,2.44596848791101,3.22306832950905,2.03444170964764,-2.27081014131083,3.12902562821931
"R12783",-24.6488122685612,-0.653253759877794,1.7204605725855,1.61529356030287,-0.868490809951099,1.57442360228856
"R12784",13.2007412269373,-2.65400467736808,-1.58107880462567,-3.239126660404,-1.41035619315539,2.21199015228236
"R12785",32.5792897955187,1.57194437875566,2.17241014533507,2.50028642230663,0.172883355765405,3.29191094320806
"R12786",21.5270509491201,-3.10562359390261,-1.6251352359501,-5.25452824051228,-2.49047770862574,2.54133804732631
"R12787",-22.5508225278974,0.10622340270313,2.79474961326607,-0.993894164075495,-0.774812239909571,2.65676706343516
"R12788",-16.5658848946554,2.29509150922787,2.52895373238878,-0.676488047154164,-1.09531423526231,3.3629544410176
"R12789",-20.3968554887811,-1.51601486500177,1.47690956585254,-0.917645238683382,-1.25296303712375,1.99400379586413
"R12790",-18.2840593709342,-0.593315535401417,2.47110450759404,-0.346220231603332,-0.773542982369017,2.34282117070958
"R12791",12.0229877220037,-2.22096527644156,0.709254719806484,-3.93133179382824,-1.2883605125166,3.7488838159889
"R12792",-15.4097149267861,-7.59356724453703,-0.261999864734521,7.5598637297844,-0.256123363302592,-1.63369080811095
"R12794",-21.079856014482,0.637779501393086,2.8290240601804,-0.991058392653758,-1.53287170200474,5.43601658926835
"R12796",-18.8309657376032,-6.5500796835603,2.47785881305866,4.92362591405667,-0.621745299129919,1.07185803577974
"R12797",36.1852502271365,0.215581980916075,0.839703934851678,-1.29221929450246,-0.467120076461126,4.72961823467733
"R12799",9.57253302280072,-0.0336168335201399,3.66648468750334,0.793797618667672,-3.84772581762339,3.61064147845569
"R12800",-7.31720274045674,-7.57608989306484,3.24367210547788,1.59722128401378,-2.56830148990764,1.17654009967282
"R12801",15.4372390514154,-9.62902602625397,0.405737643873306,-1.11028605600809,1.56638050331053,0.923520149397789
"R12802",30.2130570967647,-9.7301043689174,-1.24175965296661,-1.28448835546722,0.0765342979969517,0.124216436222322
"R12803",41.650230018035,-4.52443052848234,-0.197572401030869,3.2695336477366,-0.715532404732606,-0.151459542035616
"R12804",-11.2305661186414,-7.04970839441965,1.12235218934057,5.44036508123833,-0.931640161147927,-0.918778015782397
"R12805",20.0089034555584,-8.60818274429024,-0.693819942549708,2.93017485641679,-3.85957874954892,1.16129892881033
"R12818",20.249898239659,-8.77600435376315,-5.73821290968299,2.46663340097956,-1.83301976295153,-4.67019784749954
"R12836",-14.514693067714,-6.77148728315012,1.32604725551433,4.58495190785421,0.731339470909495,-1.54595597351367
"R12837",-23.2235749433979,-7.18362747528755,-1.58347356147579,8.21684989097281,-0.782708768434726,-1.56711120369997
"R12838",37.7105874967441,-8.13745409621411,0.461652976808058,-2.17688950845804,-1.78814297880909,2.46439084890653
"R12839",23.3925565557519,-14.7605029972428,-2.41227192886321,1.63229897522036,1.6733273185088,-1.06422915620979
"R12840",-8.45019254135882,-9.45485743690567,0.93351244590938,3.1390993073999,-0.330989611969862,0.587583791774487
"R12841",-11.2104244097165,-10.3179603755917,3.04339258258146,4.56740716251364,-1.97501176619335,3.90771636918541
"R12842",-8.71003289564335,-8.16443308390361,2.96240567484424,2.25832756296125,-2.03276000961761,3.40772508138986
"R12844",-18.7333556039631,-7.40111194751505,0.769547726695418,5.28414483716215,-1.13893161189741,-0.633389624254204
"R12845",-4.18587988163048,-8.55425408555738,2.0196885604119,3.67338789489078,-0.81249208834754,5.94771425740945
"R12846",-11.6772290584408,-9.56681116486797,0.419606118009082,9.85246260939037,-1.30294061114554,-0.178096790828048
"R12847",-9.49484099816515,-8.68433251615752,0.403708090646362,7.55688402048321,-2.31772191109358,-1.74733217148995
"R12848",17.7642262031099,-6.60180645101146,-2.20117949517622,1.10685668637013,-0.821837610893382,-1.30594311362027
"R12851",2.3445831921522,-9.1948884350015,-3.00628904056307,9.14584634832734,-1.44306097579959,-3.28857323691688
"R12853",53.2527244864893,-4.15291227851798,-3.59094870382126,6.97715120048743,0.170395542361057,-3.03729952616234
"R12854",14.9573476503879,-13.5155929766251,0.911615885721833,1.61746999471887,0.807864947026507,-3.11584744164317
"R12855",-24.4370430966114,-7.79067223235661,-2.38553397870801,8.36615940435383,-0.0847230735803705,-4.32779470853549
"R12857",-13.9371379221651,-9.9200009761277,-0.881969779070916,9.42252217065227,-0.544371373905498,1.88190628449824
"R12858",-21.5847536285589,-9.97205523851769,-0.909878727082801,6.45062908609309,-0.780561239430498,-0.927414119386787
"R12861",17.3712594881738,-11.0835879589776,2.85518091284747,-2.35101993678944,-1.95403993011769,2.11014728632277
"R12935",-17.2598847724621,-7.32682298895571,-0.0773868129633344,8.60860122605266,-0.408314843758238,1.94333187586443
"R12939",-13.177690746343,-9.34944463269415,4.1621781118563,1.41301213198217,-1.79879712858383,4.50770289410844
"R12942",-3.85750876102098,-10.239617202928,0.821962672484133,6.16008094532962,-1.0670531298527,-0.498221453413098
"R12943",-21.8659128803051,-10.2849040472617,0.743929902098163,7.65757528676012,-0.46575122979857,-0.389063767032925
"R12945",-14.6125189243958,-12.668210303924,0.686610562432501,4.36679718291684,-0.966042040191951,0.239880689094129
"R12946",18.8159402948229,-11.5546448942788,0.420527913001368,4.38480476316805,4.38665606811783,1.18826556318761
"R12947",5.36530898636808,-10.5887356351062,1.16069406824842,2.11950154373998,-1.92077418957272,1.95781792794722
