"","PC1","PC2","PC3","PC4","PC5","PC6","PC7","PC8","PC9"
"R10424",-25.9564589824026,-2.61422533402441,4.97369370170806,-2.08047333121689,10.2838307636747,-1.26738747967438,3.08689011702021,-2.40179242733137,0.287927015420753
"R12195",1.15078377780005,5.13461841840524,3.39546053441909,0.55569357494916,1.0272435678976,1.49280353260601,1.94737188368707,1.20438362690535,0.273580824454934
"R12198",11.5305157025803,6.98346500071546,2.62363750225818,-0.0358451286342572,-0.720428655581459,2.41608255808538,-0.727506888395899,-0.384615883829895,0.474259320766399
"R12199",11.5079780930484,6.64582522352651,2.16000552116019,-2.21973838983565,2.81255121849554,0.495649877909624,1.54416791195551,0.361061800132545,-0.172219211259798
"R12200",-22.4459918868369,-3.0233456934212,4.89827226146735,-1.44554292044482,1.09923240353045,1.08450447919253,-0.475211753890332,1.46035095218653,-0.240293472978104
"R12258",8.34031452302407,3.6062565967965,-9.40273455292734,3.11326841884587,3.59524443540342,0.419850958759739,1.63440371553704,1.42691721760427,0.233498782990057
"R12259",-46.5723920960137,-10.3606841631701,7.27814980340019,0.240884259534799,1.63518332834479,3.59774386524655,2.35546604301317,-0.0907526735226841,-0.910976384301014
"R12260",-8.90296846836333,3.06188969839102,4.00685943004125,-0.110860740761692,2.59784376100563,1.45523105299191,1.0278182354429,0.564612416193637,-0.107871893913773
"R12263",-0.758002865903375,3.0738498698281,-7.99881447464758,4.24924453653808,3.18357544074664,0.244062143362324,1.78282867875933,2.59624363910746,2.05432477066803
"R12264",9.67547152549413,7.02197785060084,2.6912862540837,0.425547747774126,1.44711738180726,2.39895568257923,0.39986618334786,-0.687970391963834,0.888661519430493
"R12265",-24.3561991744444,-0.922137066700119,-5.95607842421606,2.03561128094728,5.28826613118176,-0.205659706102065,0.824042534982791,0.366280688407314,0.0482843297631703
"R12266",7.86752962797454,7.08079789086654,3.32958350446383,1.91090293985157,2.04891697459369,1.80952824252135,2.03698799443918,0.401348374887838,0.706488828757791
"R12276",-23.1568013881398,-15.5941883134371,1.17410781464211,-17.6371650773998,-0.164376721196792,6.45524505386733,0.566600436420438,4.4681331981217,4.66461144612908
"R12277",-35.1670041123113,-8.0624881905274,-5.37829768865338,0.0249978380212915,-1.25559300167359,7.59556738666313,-1.81070478445345,-1.39503351084351,-1.00947725679208
"R12278",4.80048170422334,5.44133186809401,3.34338472950636,0.651898019362805,-2.78173022974028,-0.0773160327624834,0.762489783604103,0.621879294295391,2.04112747635254
"R12279",-1.77933769126823,1.90714574825624,2.75989882820611,-5.21610164603032,0.627370195745098,-4.61924197323142,-0.476791202518387,3.73351145265007,-2.19867166385014
"R12280",4.41875559255822,6.2705021034118,2.63926927336374,-0.811444324203892,0.147522879790449,-1.75761014007364,-0.927510013941749,-0.469401826056188,1.75535824605356
"R12281",-3.2102192421864,0.720835958649855,-8.98339110484982,-0.130294424931552,-4.33623232771367,-0.875020325093764,1.87819973949629,-1.16778945424159,0.557251600437902
"R12282",-10.4345179583777,4.27879088357459,4.52341329885502,2.50479146347621,-0.42591027442029,-0.769424742457155,1.45759547156589,1.13817972779641,-0.113050905000944
"R12283",8.93528082573344,6.13060233131564,2.93804870593514,-0.558500315943205,-5.08539805607399,-2.00237385861595,-0.141345488844994,-0.153873493892274,2.83320950500601
"R12284",0.271787057961179,5.88180882718852,3.60950183945358,2.35114243043284,-3.25595398923913,1.15301586188183,0.427583106380604,0.387446045983123,2.40110446177513
"R12285",-32.5329089203468,-6.40237022352367,-4.82062827657624,0.558527676166829,-4.82009187809976,0.275793613065515,0.909608474192521,-1.30849702942587,-3.87864800796794
"R12286",1.03476638576631,4.09383518819489,2.99589918324466,-2.08539349456199,-1.12879302688085,-1.71392392470553,0.668185684309969,1.77728219554586,-0.892115800617763
"R12287",0.621765921084484,3.80272725683449,-7.26979840179004,7.20951460501817,-2.0452101015488,-2.17263905206308,1.88684020193699,1.93632530299769,2.51203566498661
"R12288",17.8671877434898,-12.3775705973951,-3.61873663877027,-27.5136628349462,-0.543293040559476,0.283056155774874,-2.87393248919665,7.62032165536804,4.114397047519
"R12289",2.55739525165853,-3.1808278985166,-8.24835106688892,-7.0758140130605,-0.461892008853131,-1.45746239699411,1.81286068131744,3.73608367587288,3.70764478136186
"R12290",16.5554881805259,6.21307902644588,1.29188564325174,-2.62479892996942,2.59668231075199,3.34444168740348,0.185361939758077,-0.140085655749985,0.336751504330861
"R12291",7.31707195520743,7.56805276189779,3.14046023276593,3.56256667507409,0.60775146835829,4.13192332687241,-1.67902179967299,-0.205661069701256,1.57053742542301
"R12292",-12.0989729039161,-3.42157780299422,5.89485636501563,2.93692163340435,5.4894203914566,-2.01124059834551,-8.28842636866359,4.19960524917615,-4.2146775370592
"R12293",1.18459362586212,-0.903850331608302,-9.1412142678425,-0.476073750101846,-0.359029635530664,-1.89512708345499,2.44171686984001,1.71401126987041,-2.46290990979426
"R12295",9.07201197333335,6.41345721180404,2.24439799261669,-2.3338485585183,-1.58473894276388,-1.91603994512894,0.769129604272445,-0.115595221658809,1.63361488024539
"R12296",9.21366954384268,6.64183364651367,2.37862485796216,-1.76127038962548,0.239563869971529,1.12629721306774,-2.43536692755267,2.5002083749961,-3.6890960674501
"R12297",9.55328997180648,7.51734550352221,2.54551073957238,0.296226591641166,-1.87018435970488,-0.808219922846808,0.130071861928274,0.492747432382311,0.613710938304975
"R12298",-3.05436636802819,0.424522063157468,2.54233732950349,-3.83788394631714,3.09951076152392,2.37820729126897,-0.252555094347845,2.70447424839806,0.152515729313964
"R12299",18.5284840922265,7.48251302204109,-10.3974682855213,3.45768219014246,2.2633373186248,1.5181739429964,1.38685349527907,-0.62286052288473,0.225272933658514
"R12300",-12.2153735684474,-1.19965503286836,-8.24026705478446,-1.472191703016,3.44444480897073,1.27666732223912,1.72840747442476,0.26467868155033,-1.37273555625907
"R12301",-10.4101528833877,1.72518837688057,4.84950384611959,0.64501025382755,-4.24598959231423,-0.184794314406355,-0.480381283284695,0.522506467472865,-3.02306547723199
"R12302",-36.3693338613715,-4.66691089240796,6.02910009271276,-0.201199963368331,-2.73567260320113,0.208259003846819,0.83701083866463,-2.24573595622182,-0.101904881521836
"R12303",-24.9669608426248,-9.74814800374209,-8.25959190339938,-9.9817746371228,-3.10561006288172,5.40223057816553,-5.74849608401659,4.38840375290197,-3.24874807476258
"R12304",-4.22112303694828,2.4721525859327,3.37866884907567,-1.99150521917486,-6.16159052178991,-0.455848563771049,2.96323575923278,-0.588621652344196,0.270627431660523
"R12305",-2.97367107222523,1.72738983479766,2.89221322143737,-4.00897326314805,-2.7878706948703,-0.795015417932137,2.27824514218106,-1.11665501648185,1.2204744076253
"R12306",-35.3831928229296,-5.59499689796369,-5.25591124880716,-0.163202895335383,0.865283379659892,3.1603883264188,0.817393571005658,-0.00732313972883897,0.994933845853183
"R12307",4.91844408408766,4.33414754931352,-9.69498483758176,1.45153177058543,-0.957990807104868,-2.32900269658995,-0.703055510284132,1.45027391776982,-2.74324324577823
"R12308",2.15263982089748,4.36873076750924,2.68691887861513,-2.88790973125941,1.54864432642415,-1.53196888743935,0.84537339259161,-0.0412908467814922,-0.518099582637676
"R12309",-4.15507916811401,-0.21214680009314,-8.19948353883716,-0.0441908692315268,1.50309525746849,-2.54113490478288,1.01934461360938,1.77174201105412,0.406753084546634
"R12310",-29.2307881389782,-2.79713784169559,-4.707202104612,4.27931491037767,-1.98988599882567,-1.73941072985669,0.476640232952024,1.45923363621306,2.44602071508848
"R12311",5.72744332403348,4.53918975969721,2.31038387647342,-2.6552751512507,-0.532377206993511,-2.42521735088492,1.24952313137933,2.37687998444352,1.9511735965922
"R12312",9.8208461615763,6.95022003483408,2.36595051188904,-1.4774559522399,-1.55025800763889,-0.485181143635236,0.502259610912551,-0.146482529072118,0.699414546825632
"R12313",3.18397027293506,0.126805891789214,-5.81416151021091,12.4002816175747,3.14294128580527,2.07498619302339,-5.06208467707066,1.32786264769205,3.36853363573973
"R12314",7.48548274857528,4.9420259457017,-9.26330058316331,4.09646773397728,-0.743120877543357,-1.39896176227625,2.65666777338845,2.42544242413123,-2.2917531441707
"R12316",-7.33906154598944,0.602099860191346,-8.97001098412522,-1.67190885537693,-1.90143750403233,-1.30324163480419,0.477472912676972,-0.683782210984865,-3.06780290796885
"R12317",-26.9313859261824,-5.12617609426956,-5.66516883165121,-0.322720047686934,0.207749711607281,-4.29805634629493,2.00227381669612,3.62792514376102,-0.719004921664641
"R12318",7.2943217112847,6.4265353037867,1.96578382671054,-2.76479560406875,1.66088749408167,0.00321817103861399,-1.69502978760063,3.6176767620365,-5.7314084758217
"R12319",9.85483941857829,6.00877759854558,-9.24598402627012,3.06748207893876,2.15104222374702,1.71351340955786,1.04500445715309,1.38103085534907,-0.877855485619254
"R12320",11.1825712126329,6.2228045844707,2.39948053502307,-1.50914172700074,-2.07236156542624,-0.343611939380262,0.376885157429479,0.299358509844087,2.5024192444967
"R12321",-40.2052763963596,-8.70525277103113,-4.133405094899,0.830150392634933,-1.44304557709697,7.03338685711489,-0.962236814185487,-1.84891637355149,1.01387706799193
"R12322",8.51538012420654,6.26731533339156,2.35723854648755,-1.53106364731019,-0.546009422265666,-1.56901512334529,0.693252594853742,0.952019289683696,-1.72374018174159
"R12323",-0.115297576035821,1.12715972577335,-9.22360517397574,0.901884315637424,-1.98073519214107,1.8476939413596,-0.11739298023569,2.68131983929689,-3.0949313805075
"R12324",2.73769137370754,3.37551824444036,-9.27584161871365,1.56763338364579,-1.12662649513099,-1.6902553900531,0.57935759380167,1.05612526761496,-2.54642915104283
"R12325",18.1157102221283,4.87957396692454,-11.7429201652318,-0.995833147140576,2.16975467498482,1.95603445506286,-0.293575882541297,0.224336604270619,0.4462122206774
"R12326",-1.43483804885605,4.15507415260872,3.87432863497452,1.40204293718592,0.250664675955935,4.5054350486392,2.67440321021414,-0.374121142157304,-0.400062093774289
"R12327",0.44616169015988,-4.10037330786508,1.26864351780149,-9.53949976386578,2.38555984846523,2.76615789357234,1.38017521336829,3.81837005201378,1.71651178891381
"R12328",3.71542121509221,2.99566110218575,-9.24023943484235,1.77716905597524,2.61583104565657,2.29780260206884,2.01895389515804,-1.18885782081093,-1.2435189542951
"R12329",-12.8640060978588,3.62073098228066,5.02642179334273,4.01140644608311,-5.00425517271264,0.418340513495017,1.84656296926764,1.1392688429412,2.73004663780299
"R12330",19.6625408718456,6.47122381362978,0.891389783307981,-4.24044625676903,-0.463848841330733,0.765794688068099,-3.49469078076072,3.43392382679657,-3.09579486874248
"R12331",9.42666995233984,5.3058067077549,-10.0314021008307,1.83218982954863,-3.05848851818302,-1.49818622758909,1.00268449361444,-0.65256967247497,2.06737961913084
"R12332",5.80085555399899,7.12677299948399,2.85452838639026,0.176565582918913,-1.35835459760532,-0.373906179602147,0.136031906439824,1.45282348385923,-1.93583210710032
"R12333",-5.54014740388582,3.37855720167242,3.45490596892482,-1.02208697328396,-0.258152388267323,-0.947893525899905,1.33137766558449,0.551708784871617,0.838243932135122
"R12334",6.30631881008418,4.62564464014197,-8.71744231973063,3.73808950209987,-3.15071733074969,-1.16576325839083,1.10922370030932,1.39782396627813,2.30790407457914
"R12335",15.5572355242804,5.86169296373255,-11.1335430001573,1.3268899477254,1.73129176713617,2.6987585545444,-0.915732806989082,-0.0606048649151598,-0.744544253211934
"R12336",5.53719042406295,6.14080497707983,-9.66496241847707,2.49579262955097,-4.53225974248043,-1.910465852758,0.880389337546034,-0.649202730461517,2.31376694053054
"R12337",5.28597459204617,6.14990017747662,3.53657826670258,1.34931314296607,-1.83405678831033,-1.52838327572479,0.223905014351779,0.622649609317865,3.77197544289992
"R12338",26.4291639607892,6.06656642947349,-0.688957615188798,-7.17854357727209,2.36462719624323,3.06806399907774,0.00444797838025815,-0.798052240994189,1.36044231905544
"R12339",13.7008396764871,6.22323888768172,-10.8675347194554,0.452983086229337,-1.24087036630249,-2.49181008724937,-0.0631646798625142,0.358167307479189,-1.0523078860659
"R12340",-15.4644234487272,-4.68705891995909,2.60169477644687,-8.18828163913701,6.58779356676584,0.374505107417539,2.5822935797063,2.24210376019855,-0.0878216012466277
"R12341",5.32411541811332,3.52685453347551,-9.4226339655253,1.50219142216144,-3.3514410362899,-0.500017710767841,2.27809949897488,-1.51342143926848,-0.0368122967243712
"R12342",6.80953664310051,7.09077800443795,3.71653684579138,3.50558449749139,-3.82976942493401,-0.415188540885841,2.03701874301666,1.95630795441303,2.51035924984657
"R12343",-11.3582900001985,0.999914250433727,-7.32934815718691,2.69092363610746,4.81376981939049,1.2325894773548,0.688328269733657,-0.214843308896227,-0.144240361400717
"R12344",-35.4056361608001,-9.61948288471156,-5.2051194556102,-0.884551570430578,-4.02436797575005,2.20942096343282,1.38930609837132,1.60052871341897,-0.399946138805526
"R12345",12.1948625524244,7.34727397703788,1.5452312722796,-2.86293827413414,0.671606243366782,0.855055567492027,-2.47713457572874,3.07467802329652,-5.33596027946081
"R12346",7.30896812468141,5.32707613486312,2.76609017726125,0.551206695846683,3.14203526956724,3.50334890507507,1.94432080866867,1.39888574175971,-0.683734711288506
"R12347",-1.85271422252582,5.45481289177108,4.98488338395624,5.50003792262614,-3.75571927983303,-0.802708167487721,0.238525674035757,2.11218655262711,2.537712634217
"R12348",-15.5460670117225,-3.30401111441511,-6.81197401630077,0.0161449524329978,1.16370570617852,3.44066771291748,0.274838072864207,-2.70032688315948,0.586650111267309
"R12349",8.11157049574348,5.32508803077645,2.19915561284772,-3.24612298864549,-2.37740324904266,-0.768110163509893,2.16106009689468,-1.29728079451591,-0.610135178854447
"R12350",-0.0534842744708771,5.75715471284389,3.81805923699677,0.640371790387241,-2.81982369120601,-1.77075694511634,-0.329444184251453,1.9716336405144,-3.22201210531075
"R12351",-0.917875834645209,-21.4883330127916,-12.6864946228789,-25.4785497280518,0.686636802984907,-2.04121116571346,-0.107867381810933,10.743954627221,7.83065889307637
"R12352",-6.3050728487186,-2.22692605487808,5.14860831862683,3.49761449239056,-6.73783541890932,2.14370437764258,-3.76464708603668,-2.55396550400539,2.25324232386756
"R12353",1.92108305446498,5.95491870674919,3.15709190918281,-0.258802560443827,-4.29970421029615,1.69313676383216,2.55302354177396,-0.518047743710943,0.754649768088524
"R12355",9.94846105673281,5.99936979831104,-10.2327556841323,1.85996672210813,-3.36909424685846,-1.90784909645956,0.78828485786906,-0.427561663096653,0.590970579187573
"R12356",-22.7799794598353,-1.07066322255489,4.12187357351814,-2.23997391186171,2.44158537818164,1.59858241622469,2.26810533019388,0.0887554476201177,-0.9825497351582
"R12357",15.5088392298749,4.0813918209397,-11.6484224549628,-1.79219010118708,-0.966388218369407,-0.828534718034555,-0.0381452460751613,-2.6992660583348,-3.56475194557473
"R12358",-14.5584611151611,-4.82317913947558,-7.26619700490442,-0.723202303553786,-4.07457702495458,1.45147163125445,2.84888108070067,0.594057479199215,0.541022211946857
"R12359",-7.44917875732984,1.56371490867985,-5.78459518161543,-0.101377695785105,2.29250787381518,-1.21557475316156,1.06145714779584,2.61015891417649,-6.21583858820705
"R12360",19.3583688078514,6.36986760336561,-11.6095100736576,-0.333912421522239,1.74110422781213,-2.95135786795191,-2.38511115060495,1.1843380086572,-2.66784521788072
"R12361",-15.3701801664196,-0.00840760429255266,-6.51593452609446,4.0408422355841,-1.71899826036231,-0.168838171342892,1.46612148155576,-0.922407716146694,0.986897978773564
"R12362",4.61443744331212,6.64839390486675,2.86416746898849,-0.540050367175977,0.578276860582859,-3.43756531014532,-1.3466598168262,1.38692293079659,-1.58097949781584
"R12363",9.18929168578301,6.79233130862957,3.36231312234389,1.14619562286835,-3.44401566937137,-2.36685737650928,1.09480490686552,1.62296485541441,2.04478798687251
"R12364",12.87945153057,5.80026102290486,1.49090113169224,-4.47887557856954,-2.50178045100823,-1.60477603057452,-0.324854796508966,0.511321411564243,0.655848803182376
"R12365",-7.86778461176873,5.20640542272223,4.5344562218538,2.35431181965253,-2.1045460854581,-0.275018141550017,1.50891659178285,-0.29794523497675,0.957433825968342
"R12366",14.6992506731061,6.84289354745328,1.99858007190416,-1.49031210096254,-0.129460712373491,-3.602605016873,-0.760070350631973,2.78306409893181,-3.02319104080221
"R12367",8.76327848294686,5.72670068057489,1.77998689936517,-2.49175981063135,1.68377526067436,2.09373739491887,0.568158924669767,0.246306565262054,1.40513173845148
"R12368",19.8454066720923,8.81303372896875,1.63607404390036,-0.750713798483715,0.753183380720759,-0.114094935060642,-1.70251310551936,4.22437591180362,-3.99769902560053
"R12369",10.8796960222101,6.27467239508455,-6.37046631844361,1.13533322114886,-0.959954792464369,-1.32000379283906,0.653438214607142,-0.523343354462501,1.94946880425602
"R12371",-11.0174793127601,-22.1627511943768,-11.6189498646653,-22.7306554469841,-3.27271813297803,1.97304944028019,2.61090517043142,5.31102893545359,4.56608781834538
"R12372",7.5408210867453,5.84325571652378,2.58989884277153,-1.52744291714509,0.139084845659116,-1.98669804629356,1.29932044086902,0.290706094724129,2.51491668574638
"R12373",11.2717421404596,5.26935334284461,1.43461235201544,-4.01540530408271,0.169195807777326,3.79775192804213,1.02981898692,-1.39137247370278,1.10685761251099
"R12377",-20.8760563618685,-1.25915007274552,4.28465807084722,-2.85301709604282,-3.51497757570213,-0.844699439433107,2.00785195435238,-3.29785251989109,-2.29817680137942
"R12378",-4.08232232521347,3.99047348348525,4.06691266769816,2.9590864424531,-0.169521036447621,-1.06633832178042,-2.16033155732596,1.67755072042949,2.01672835437855
"R12379",1.56097385882337,5.25957695374833,4.10552414698174,2.60946902159367,-2.12474950678729,-0.657205571060586,-0.287092183407558,1.63382302965091,3.02439124462907
"R12380",-0.908549111991375,4.10244607057903,-8.09247474556774,4.01774335653997,0.34006456086383,-1.55609016119849,1.22877510272284,0.720462201547552,0.647958340828519
"R12381",11.578179209185,5.50410347558006,3.1583512303112,1.15801008879386,-2.28174199256931,-1.49963539874968,-1.76476423815934,0.278617840162509,-4.33312241589756
"R12382",-27.5935955171535,-2.53401201264459,-4.92408295104718,2.86326255379929,1.95336646433642,-3.62039637833755,-1.27778736949298,2.76813356603573,-2.21751533979127
"R12383",-49.1040542533132,-12.2619304198039,-3.84031107566194,-2.21483278867936,-7.19460245732378,2.55626933929836,-1.94615885209281,0.086040915619224,3.1342295428646
"R12384",-0.174343576470101,2.52289708254861,-9.16816672520376,0.831968564256193,-2.20573457483118,-0.544646992469439,-0.0215264911706148,0.653225057373584,1.65471660777801
"R12386",0.204833741064736,4.68532026581683,2.81355546214139,-1.96567489453824,-0.551698698304246,-1.648466685392,1.35002406321859,1.70138102411169,1.00169140746746
"R12387",-2.11898840307204,1.75703308253425,-8.32216119033018,0.176545573128101,1.89444847133712,-1.51905162546568,-1.09395852223865,4.06537834735968,-5.40329702497789
"R12388",16.1023144097727,7.24722773333147,1.17627931190331,-3.5971879856165,2.00846839291164,2.27978392842883,0.756611789175704,-0.897597752636602,0.643392674288899
"R12389",-17.7951527032189,-2.35353485940512,-6.8881387135003,1.28143246881316,-4.01166993741577,-0.104319236280233,0.682076502257016,-0.580210379035238,-4.72979662417056
"R12390",-9.18915834022421,1.5067133234375,-7.71212264872341,3.17074925665803,0.860402213401622,3.18193844336234,3.10622541692493,-0.669923055073636,-0.694661796161818
"R12391",-8.80802659827732,-0.541414638043703,-6.42371927137658,0.773292831932018,1.41559085653166,-3.2771831317277,2.19357771456672,0.826544201874741,0.104289468272381
"R12392",-5.70399588639247,5.42507269265901,4.38262880034118,2.28577722845645,-2.08871166541652,-1.61555588967377,0.851505656619892,0.0801771177769408,1.94029122897598
"R12393",-28.9660854464731,-2.69141027306291,-4.75767854327994,3.93982692860169,-1.74032825371229,-2.04139742561092,2.31456245352098,0.463430112511122,0.939317912814333
"R12394",16.1207379796601,7.58241020734551,1.45263178587901,-1.74094550484157,2.02975600798127,3.90258431104193,0.267018666211836,-0.449011821539959,-0.113197704218702
"R12395",6.24493539532855,6.56888776248239,3.08520394130609,-0.147230850482305,-3.08704557900918,-0.997317808604859,1.75876922069565,-1.04565165398793,0.920878408165295
"R12396",10.1211979187215,4.14204554445357,-9.06078907817342,3.32697916962955,-0.991936301087937,-2.21583234700251,0.331531627359709,1.63179795193731,2.34203748970252
"R12398",4.18917553625751,3.93501630948726,-8.35794552628935,3.13824209017709,-3.87843856856595,-0.527607113711783,1.59511513380074,0.0598054769949923,1.04687769079687
"R12399",7.41876003669861,4.7882944026182,-9.3202990334012,3.08775243073563,-0.225599302426731,-1.87811269788232,-1.42626692469752,1.87857791090866,3.14418667850928
"R12400",5.54373855545559,6.02847909192395,-8.8757936587249,4.40377983617526,-2.97942507054308,-1.30402285644604,0.378939900457926,-0.64799476622639,1.51316415462618
"R12401",-6.3680231719441,0.887644261119572,-9.22581053775309,-1.02362179568562,-1.15211721727143,0.82017157878548,1.35938996851886,0.318383798828608,-7.50469523692642
"R12402",-34.7511574074856,-7.35858455887831,-4.47741707186848,-0.746925084818524,-4.20276241543765,8.26094529470034,0.960989915817675,-3.9035724336172,0.935379909669094
"R12403",-10.519261549854,1.75285556200183,4.08699702064383,-0.162905455116816,-1.65432580849849,0.429845386344441,1.12578920471308,1.02492938027058,0.211688838298597
"R12404",0.723171428393817,4.01012445983332,3.57085501917054,-0.207575089648883,-1.94542579058407,-0.125362432161868,1.36597465383336,1.51351135451178,3.32957993462124
"R12405",6.99932329671495,7.82271487146959,3.04131645710561,-0.431790320190001,-1.6048410447884,-2.1985129480784,-0.153620914723825,1.58876301728257,-2.98649081618718
"R12406",-33.7037726451339,-14.5075830354278,-6.13290902191325,-7.9274497115711,-9.65065725400067,6.36180263870173,-3.80010775406756,0.264769695148854,-2.87265137962052
"R12407",-10.4605176707098,2.74251942834296,-5.26547672241099,8.97485999130868,1.19587769119419,-4.13195773234779,3.42088940169425,3.08013947144383,1.11962373837867
"R12408",7.6123510396738,8.47743748304708,4.3140769294191,6.94488480295079,1.23205631559309,2.55472318732232,0.48931764457393,1.28594015008745,1.21123623807392
"R12409",-16.0277956656239,2.97533586291267,6.20576343372847,6.24106285851187,-3.74596565504739,-0.344580540873684,3.03564671674281,1.67182653901452,3.40827350374797
"R12410",1.22656442593687,5.0496894905322,3.50276682780796,1.14030172185112,-3.84655095417195,-0.567264748468385,0.559742350877358,2.21531589769602,1.95936073755159
"R12411",-21.5275035552545,0.047004818729638,5.16544615627074,0.453279924732451,-2.54087274653474,-0.82088845950699,2.03533753438673,-0.507620920066934,-0.885522235030495
"R12412",-4.38253592884431,3.68900168327103,3.11079698688706,-2.13034816223951,3.92162475876305,2.72682380903902,0.973637164041388,-1.91164521310449,-0.0976298232311253
"R12413",-1.87040981951272,0.479563659398541,-8.54764847626238,0.174292837267016,2.3184390934369,2.1439158528037,3.10801173849,-0.762423331049072,-1.2158382369648
"R12414",13.0975233432595,7.59276488764669,2.43843761867352,0.268382485538076,-0.0636677692092274,0.375359054936153,1.0137351144612,0.379600012662407,1.77399107162289
"R12416",-19.5750536740937,-15.4856561040273,4.64445851743331,-8.04770256281815,-10.2772720096635,7.51910844186074,-2.34979528626641,-3.36405834221335,-1.30771492064326
"R12417",-36.5950295790993,-4.99539104546152,5.2440333569092,-3.09661963660198,-3.97308450042728,0.268856243884411,0.487696617467388,-0.159189542311131,-3.58588431392532
"R12418",-25.6453262490686,-1.90149282610891,5.67593820231329,0.699933305374033,-2.84592915279442,0.0841098569715166,3.43538743548939,-0.497366134946564,1.64157245606488
"R12419",-35.7554282272795,-10.0393180219621,-6.05916077364766,-4.12713738980915,-6.53687735740174,2.64044250723128,-0.944444540535568,-0.232108296357243,-2.67558808635704
"R12420",-38.4125989753887,-6.5300534285016,-4.09647348815538,1.88706008177645,-2.49793869457444,-0.863636483338844,1.12286656487178,0.0478840219963021,1.08395587472284
"R12421",10.6068395865938,7.46228416123775,2.36612598629547,-0.0406494425133205,-0.571810820315053,0.230026094360001,-0.434836070797094,-0.370504772717908,1.1951228605888
"R12422",-0.619670845773788,6.06199883351444,3.51313026835645,1.38351082661851,1.79606538338399,1.72762271081475,2.69716375426204,-0.767414140383213,-0.81024486532694
"R12423",4.51658347718561,4.39483875711986,-9.63244060854115,2.43257734223169,0.0407355395607231,2.91786452214042,2.97224141059666,-1.35022256163719,-0.729675941686456
"R12424",5.79560717012186,6.54146845840807,2.59416441317933,-1.91022255733513,-3.37162441103702,-2.67136729672566,-0.00530850442216972,1.91436862102077,-3.01822099471631
"R12425",-1.14542849779086,2.65867142505712,-9.13817591740728,1.25804934340192,-2.96241031772872,0.117157202952086,3.20441125366664,-1.77208168233261,0.936196428588528
"R12426",4.62819831798746,6.6951997395826,2.99909623778656,1.01040913280782,0.659590766318351,3.35001089498401,0.741033249406734,-0.820788855354093,0.334708287103429
"R12427",4.4296674174733,6.83843432415736,4.00831818582234,3.76610894556699,-3.07216070981963,-0.679162147104734,0.792176307005261,2.37212733896334,-0.00662573938696481
"R12428",-1.22522655925178,5.73350393335525,3.95976434506051,1.93588344163096,3.0293085496498,2.99982717127375,1.13614567240152,-0.44229094365467,-1.20349545476595
"R12429",17.9470703876718,6.03955195766802,0.527894532719343,-6.18670773092355,0.852563064587978,3.77254299937412,0.710131035259838,-3.9801937562482,-0.698743587289556
"R12430",5.09641411775129,3.10791823807781,2.37284228056434,-5.26898516621985,0.0307903314289232,-1.96316932891399,1.77408827268964,1.50491536745319,-2.56005438930784
"R12431",-0.359321440211485,2.545965759072,-8.71554188305132,1.40260848476971,0.16166863965583,-2.6969245740183,0.644942139550849,0.940720660180825,-1.1573974122531
"R12432",14.8387641807762,7.14568791551616,0.903712359561665,-4.85701985882008,1.7427396600143,3.46699388674675,0.180175854666009,-1.17816338525193,-1.75289457965201
"R12433",-6.88365966715571,2.09798608693103,-8.13043034821203,2.29245417284277,2.14220977247375,1.84301887813177,3.35926470589898,-0.82630254790221,-0.140300460832256
"R12435",6.82121201644678,7.69545285895121,2.98633316848142,0.644641045200886,0.0203880133748816,-0.10850181336678,-1.75845492666064,2.20815541040336,-5.98183307867637
"R12436",-6.95224198902125,4.43527796465834,3.86776116527607,0.434079448743714,-0.793460908007504,4.09110749191825,2.00760835261813,-2.48288835836212,-2.16753890170417
"R12437",1.83806022286239,4.83288778064877,4.22572976834857,3.02144491181027,-2.80284944240756,-1.30216663944472,2.10490621485263,2.38059049095038,2.95892011634628
"R12438",2.71246322968636,3.95721739623994,2.37674030317167,-2.87253286011876,-0.176195493602778,-1.51497172306939,1.14405897470309,-0.483508177073954,1.07574857041152
"R12439",13.3910540655425,6.10937345231171,2.17498981903815,-2.34552197465744,-2.09290892203589,-1.27796817220528,1.03738878916264,-0.462004041496904,2.15677084467338
"R12440",-13.0798563953989,1.76209468173673,3.99707216119345,-0.646788730055113,0.980982627640091,-2.40807073805169,2.16202487828216,-0.14585837711723,0.012250573976601
"R12441",-13.4765883345783,0.776081686427797,3.96353483305695,-2.30666797734887,-2.03124794330263,-1.03390080483038,2.77928188034979,-0.703987698506927,0.751836500605381
"R12442",-1.08026638028445,3.57116293003571,2.93773477024747,-1.33338117377578,-2.55071218799004,-0.208620062399037,1.00032797532509,3.4371275442684,-1.37267378491996
"R12443",-7.61406253333022,4.38438161138123,5.62529314365491,7.09724992134888,-2.97644894749712,-1.57634884536913,0.695935231663031,1.47704448460391,1.63391692500205
"R12444",-8.31510115396253,3.8653300969187,4.1370844713539,-0.285993891223111,-0.774317968391199,-3.25411312673194,0.696308598162112,2.27420663810325,-3.77133383131756
"R12445",5.92588867299042,4.85753458398231,2.60439545679864,-1.83419364293787,-4.53162569177096,0.354006610035745,0.739657269400811,0.120953960683822,1.45143815928787
"R12446",-41.7851910419968,-10.331866860603,5.00190100489688,-6.82479619572411,-5.67726846789179,4.15105781249289,-2.32228734072713,-1.39839570497677,-1.24387609186475
"R12447",0.22942882719916,4.12738455290166,-8.1873001360624,5.01869858848085,3.9473756166029,1.54021874837347,1.20823762720721,0.279693180923035,-0.883658399014168
"R12448",2.85652009643132,5.29804237195642,3.54229523446034,0.990071089821654,-2.08112680077729,-1.38931149014988,2.41040107389963,0.156129825966753,1.42347668818028
"R12449",-4.97602149673291,4.11568325556073,4.03178342789575,0.988467656643626,2.00670389430219,1.80270970303194,2.46919218642852,0.171711675269555,-0.366695730307507
"R12450",9.17599947872242,7.10953671469086,2.78862564645896,0.620994981961105,1.05987640079755,0.561728382283238,-2.80192389000083,3.06476455439091,-4.66195572625943
"R12451",8.89720953624153,6.30235286220688,2.52050119029427,-0.526486408700966,-1.66554602282782,-1.72355597894277,-1.83209208669851,0.181464694344926,2.79837014816472
"R12452",8.42187033027208,0.476989847090396,0.997726009799023,-7.75403972048568,1.26527562510722,-2.74193443259359,-3.26835366387844,2.35480112459731,0.660435280310405
"R12453",1.58340477172797,2.06014752082446,3.61463908581132,1.41607527629387,-3.25803450891935,-0.218065054455841,-3.97445166756808,2.54796961192182,4.85817727600284
"R12454",7.40083898967564,3.60855757759396,3.0861110311751,0.606053086399446,0.606934519920222,-0.816707372503203,-2.33721183236075,1.93998518357547,2.99158484496226
"R12456",6.33125095292862,6.0026859307622,3.20126889268422,1.14902570538552,-2.24568942157778,-0.309927952730909,0.904912326482141,0.0507896932526921,2.08829767566213
"R12457",1.59772758078472,5.44783438181042,3.46429527803821,1.0168012574635,-3.26549047679468,-0.131481552316629,0.334542315823061,0.72425106692242,2.12125772221298
"R12458",18.0237651014688,9.19138012221056,1.6799097119155,-1.5394904349522,-2.29648302355115,-0.776411487557632,-2.20581112190748,-0.0243783958588041,-2.59647428854126
"R12460",19.5900871050037,7.17943808506028,0.914232449126768,-4.04874000313959,3.00300681398883,1.87980299562122,-0.172865488304334,-0.319627301873045,0.298637470615146
"R12461",-2.21327619652846,4.2106794128615,3.73425220249831,0.571726573302952,0.509533184783903,-3.47138412628874,-0.847300781937303,0.869901901423396,2.95293627586454
"R12462",-3.02081233869144,3.51026591545502,-5.96288945066468,8.55241851355254,-1.38263978586914,-2.77883839246224,2.8608934663079,3.31824931427015,2.15876713117678
"R12463",-10.1476839734414,0.87350671528728,3.75486320851784,-1.6396535110953,1.62610383935079,4.47642840464294,1.18481921239652,-2.05096408610089,-1.62623161973578
"R12464",-13.2415782658743,3.63152807914385,4.77791010548492,2.72001911021738,-3.90906039427637,-0.551540224463896,0.972750183133687,0.170428070732092,3.38472734254747
"R12465",-2.99223963860053,3.78966958998153,-8.17857130170179,3.43529870981514,-3.30776126425007,-0.045510866405182,0.847931448482689,-1.80951108516769,0.0369110274854232
"R12466",3.83833263009093,4.8668138963172,3.00514867985567,0.414226962341376,1.86451475196161,3.17820548567586,1.47705759258537,0.188115275440761,-0.0529287151931664
"R12467",2.71524994698877,3.82583501071236,3.67413877371106,0.793255614680424,0.456487851624143,-5.72908036914041,-3.77372492486704,4.61876118228587,-2.12203785643877
"R12468",24.0442136951234,7.18673461051446,0.620749469804185,-2.84274068078305,3.00934306570569,2.26032822263095,-3.7197736948502,-0.741394372508984,1.26210359119924
"R12470",4.14403583823613,6.79626165073982,3.98434501706212,4.69210578692004,-0.602377439049944,4.62504310376977,0.848882536457208,0.527801296392232,1.55297789014538
"R12471",-1.05434774038431,-3.03537764394695,6.26112888905922,7.22500610165658,-0.172461479439325,-1.20525257920318,-7.577595796963,2.15503228644327,0.622658128493626
"R12472",13.059876075274,6.66913540365282,2.23593074119308,-1.07848309805203,-3.85187068169086,-0.332105564719111,0.332915360189499,0.346397489553682,1.51785392135612
"R12473",-0.531591093860359,5.79471317157689,5.65406842406247,8.7782013783955,-1.07655170272565,4.69584698212511,3.62214622865403,1.41800804963315,-1.38338503865199
"R12474",-6.79216498354224,2.63786943565105,4.32986914036548,0.532734004297638,-1.97289857684915,-0.856805585051459,1.76280719272148,1.25209509734127,0.0876566837674714
"R12475",-2.31694944726878,4.42353155754605,-7.91045018506847,6.79539409471487,-0.0206565239795117,4.03066180171791,2.0522729234348,-0.0313278316179552,-1.59982037289677
"R12476",-2.49553889447585,7.28570644459757,4.04717057959394,3.98110169325758,-5.59372919613469,2.32925072200965,-2.20371649517463,-2.54848586483289,3.17317337575225
"R12477",3.51426438256629,5.41047952320115,3.67509727291172,0.662087279194373,-2.35614422892021,-1.54597347252238,1.47606322805154,2.22653786842406,1.62250592852256
"R12478",10.1140252198351,9.34584350705487,4.02509709800843,6.42845451410103,0.242707877909484,4.31703442500312,2.19376057721848,1.97050628161413,-1.5428258599201
"R12479",-21.4234881450915,0.0305962013122531,4.85698646554767,-0.322607627507855,1.22439654771661,-1.60353645957319,1.62622789417656,1.24002822881179,1.13583162207847
"R12480",-8.27599566811519,3.86291531681478,4.76736233717466,2.28856757480324,-2.23112733028288,-0.743433438573626,0.833024510270087,2.11012844422316,-0.516803572403682
"R12481",18.821970011758,9.00338188944954,1.13798455722228,-2.72840663569006,0.317959510083782,0.357461027734883,-1.70248775826503,0.919132936225134,-4.39733318903012
"R12482",-4.69532089244994,4.77470832459987,4.7501668723044,2.59634836862815,-0.661243579290065,0.731904446953553,-0.103747760418626,3.55305245078737,-4.81861468048708
"R12483",-3.13946889275151,5.58353759597726,5.38981275820593,1.44038725000703,-0.0627278633730012,4.08506719021177,0.894064989497896,-0.0160672625734268,-0.512708912141633
"R12485",8.43382161563587,7.14575466411997,2.57351335505663,-0.218487564060764,0.403800402446235,2.34702689616267,1.83134106707048,-1.13898978446083,0.232671329804175
"R12486",10.6955973432245,7.27640543786583,2.71543321525907,0.0981548415420079,-2.25628459488882,-1.02015432467925,-1.08916649006708,2.2977548639201,-1.62519226420692
"R12487",-35.7551337824836,-5.7625932178606,5.83318706651247,-1.16819388882348,-0.328719735488182,1.08496742230792,-0.384053957211823,0.50755510206183,1.46783568606171
"R12488",20.5753948673757,7.4814415528897,0.878113300909166,-4.46346140024181,-1.82486826827011,0.0918524215791001,0.576081644248911,-0.986025236096507,1.67267871960368
"R12489",-2.43830539564675,3.49913326844489,3.99010225536391,0.271855922950649,-1.20148109661351,0.830050193178228,1.11294976127294,-0.183643757276431,2.53723510893573
"R12490",3.93432865221401,4.86632200637234,-9.45139470340663,2.05168646138295,-2.03746541148835,-1.73722448231052,0.735215922771594,-0.829637054339845,0.109599662009096
"R12491",-14.4590873378216,1.31257465780748,5.30005073080706,2.11963327979003,-3.4169192983467,1.7492779721748,3.55835459822938,-2.12499364310918,-0.455452685307784
"R12493",-11.9839626216314,2.26569562265012,-6.80273860989291,2.60806500664277,-1.65389650342527,-0.842550956196415,2.20352949209944,-1.29218544620704,-0.41890154411366
"R12494",-35.1331024296089,-3.52381659126248,5.57742121568897,-0.360924632667471,3.78556736959212,1.86204367279364,1.29784503878715,-0.525527290456979,0.570759718055958
"R12495",-0.3345964846685,2.6603686806094,3.1975476607063,-2.19242220386932,-0.337795168880574,-1.32431265860682,1.31767028070907,-0.164741779814249,0.645935488028629
"R12496",0.194459845060232,5.57547481798467,3.3418399953923,0.981853827848838,0.933687887648186,3.8244061421947,1.5104823651726,-0.17154269485106,1.1463125562626
"R12497",-1.95097573825994,3.00125526735276,-7.67691425477768,2.28953752875081,-2.38337900852169,-0.502663408698459,1.61816221668609,0.789979265743825,1.76730083103693
"R12498",-1.16807525294272,5.18245375905526,3.93215246703591,2.4237679412677,-3.69670843558092,1.91269348961503,0.129839441944829,0.42279570027096,1.19855062259424
"R12499",-20.407501960418,1.08556414151539,6.61184425804266,7.23604082137306,-6.98457501255345,2.16826734924392,-0.824455577329291,-0.547433191384346,1.15166827760055
"R12501",-29.1740515517058,-4.17989021500872,5.68688265688314,-1.14641587814367,1.04470203692655,-0.492229557467588,1.20514288268643,1.30057803494504,1.08170203840102
"R12503",-4.65505843350622,3.56083638589877,3.72934545097698,-0.290959825565717,-3.03084475060024,0.429576351815709,1.77441865105882,-0.314491790919129,1.50275979340355
"R12505",-42.8698135281621,-12.9482650528392,-4.36220574449397,-2.76265768896864,-3.282443000693,2.77955132824752,-0.799510228472108,-0.709142096900929,1.57942874256824
"R12506",-26.3231846838485,-10.2983957003107,-8.91311217344514,-11.4325038627184,-6.81379851691073,6.09672565625738,-4.28309805765175,-5.58330355928544,-0.186730116775184
"R12507",-27.1139259285468,-15.0768776469816,-2.21858644933089,9.42169251003954,5.47214201057794,1.47515805134498,-5.80281068836416,1.59544058838843,1.35052061592246
"R12508",-7.26664286301889,4.09593200142538,4.3647403312864,1.55469184884953,-2.68765270429458,-1.83866458415193,-1.76837495799838,2.5874947191345,-2.7907030334708
"R12509",-15.6753817504343,-10.5949614270016,8.40474826047324,10.1807293652216,2.92565437772922,4.77316256253724,-6.39970159742222,1.02763521051892,0.834445679215503
"R12510",5.88251631232164,5.12807843854662,2.63243323370625,-1.20743504054176,-1.39111690794643,-2.14404789991229,-1.56554050094311,0.0529753106077239,1.90635436592074
"R12511",1.40804401917492,2.08638433938718,-9.92027028791124,-1.72507260653742,2.11198923578721,1.43926717022877,3.88133676262075,-1.63515376670481,-0.771420587835949
"R12512",3.20235603660517,4.75377352952524,2.61322265203966,-2.00657792748886,-0.764672990989964,0.317396643034549,-1.30476776946199,0.759973789313431,-1.42689711614913
"R12514",5.3873469004564,-9.89275969474592,7.40451626050582,8.853906318894,-0.590264214909464,0.600628442729179,-5.95671075792383,0.272867880816495,3.30007957379726
"R12515",-9.54550297173101,3.61962979768773,-7.16426813507111,4.48990819539776,2.46240513947358,2.21152652432789,2.61639604688055,-0.906980121426432,-1.90006121100604
"R12516",-10.8699389777718,0.695911344629882,-7.13020886735519,0.94578671791327,2.01261386416637,3.09439857634012,1.96409659949924,-2.75933904922632,-1.78580427917465
"R12517",-16.7320975630506,1.80706883765682,4.98993950553449,0.556889447270439,-3.98687215788507,-2.94766670589322,0.105887967891987,1.18441318605189,3.08979751773179
"R12519",-0.795987916008971,2.87590304302514,4.02201521760714,1.18205843815417,-0.923026240190471,-1.47010551471561,1.15853630585817,3.35096121892898,1.52927801170477
"R12520",6.68012406910217,9.35470391232609,4.94012925414977,9.70341890325527,-1.16165238569789,2.95216998055681,1.75513552747497,3.05109119304404,-0.0603712472339122
"R12521",-16.8830526945503,-0.601785615391557,-6.00942371590551,3.57142242714538,-0.283508013648873,-1.18125121409363,0.790350523566557,1.52238592977105,2.1164316394131
"R12522",-15.4875290675816,-3.29025891192991,-7.53812936144306,-0.679819842804334,0.344431933623825,-0.237489964357673,-0.879447238348369,4.80752147009667,-4.14678679984191
"R12523",-18.3323011901008,0.873432642210313,5.46720858010733,3.40750546981273,-3.21627439117578,0.730476302091475,0.83305639811063,1.52890582987067,-1.57873789767612
"R12524",-6.13287800930517,-4.24539507193806,-8.80259703049605,-3.76523204717611,-3.12350152997571,2.95740601851416,-2.52899427008321,3.75098963668052,-2.5922847344047
"R12525",4.07635099819167,6.85071150608989,4.47126901592274,4.74670167508873,-0.466928857561325,-0.731673455186827,2.89550309670718,0.752326320538049,0.446083857236182
"R12526",10.9673167807056,8.35985947079897,2.76090255103977,1.52989312264816,-1.30168701978839,4.03104177307142,1.67664749309087,-0.46259565775063,1.07654691803327
"R12527",-20.7603737493415,0.639985199033221,5.38903525004143,2.21839707788923,3.31813974388101,-0.876649307127947,-2.19511752768788,3.21333593573337,-6.80144661140063
"R12530",-4.94182554743475,4.41568960505234,3.60533899051172,-0.13236627333136,-5.05885835991155,1.63543452078881,1.68988637551507,-1.88816000448287,1.1709837827583
"R12531",-3.73016058312778,3.47000293085139,4.03753314647418,0.0417992757345272,-0.582271881969978,-1.63257913648304,2.71849977711755,1.55835142697171,2.54867946513227
"R12533",11.8254583919039,9.79049959395845,3.39091816118658,4.12045827624147,-2.68996574116167,2.06117269532029,-0.253941254146564,3.4997673514765,-3.61282386822678
"R12535",-7.53518448946806,-0.960566959109116,2.17104905474949,-6.11431191209535,6.39002860239679,1.67755595921509,0.845139055497221,0.73190228167722,-0.930591143704732
"R12536",1.97945683081019,5.67984801748044,3.41952933908572,2.48191095559274,0.879519750128821,4.62185791681069,0.726744776713022,0.543408823071041,-0.181961553833548
"R12537",15.4102172018877,3.1986835415514,0.92933946424813,-6.12353157230895,4.759266504011,3.87204929518939,0.901524308280008,1.10970738300826,1.53864599046776
"R12538",-15.2002969960972,2.28426186344504,5.24648960499652,2.64596981476203,-0.356132773159476,-1.93839274763387,1.95766247117705,0.981574838406867,2.29096534889862
"R12539",-3.67935983260859,5.86385487006976,4.56636443229802,3.67320132421468,-4.25125583146542,0.362016368883088,3.06100539031294,-0.424459049012429,2.2690210689077
"R12540",-7.32760339768718,2.64339004518124,-7.48062362177948,3.56162525580414,0.0336828201996253,-1.9254728918135,1.99539803921707,-0.674755284016567,0.124594696674304
"R12551",10.3309076639292,6.85952227861491,2.40248165288313,-0.743030338113506,1.80398038082075,-0.976359951531718,-0.546707705153485,4.28557791803611,-5.66127527825757
"R12553",2.53588931613877,5.87462685376619,3.51666964275322,0.694757474901982,-0.690454337399049,-1.58755532655494,1.32789237797195,0.222685653618856,1.23339504165438
"R12554",16.7068261084676,6.40928613329544,1.44228248712274,-3.14383016449612,0.484743993654404,-1.23637329316814,0.375678361157037,0.126582022220037,-0.18532417755246
"R12555",1.69922973568223,5.66063161545879,3.52901642040172,1.18880386355569,-1.31610863538486,-1.21137469198158,0.343509988901257,1.20948528030804,-0.56866053092594
"R12557",2.31987141114956,4.46462409857738,-7.89286609389143,4.72400332223809,-2.7508908273618,-1.39265664192234,1.08687393309488,1.56849170098249,1.35766037844036
"R12558",-29.8474887051479,-14.2841141869104,-8.60968223027739,-14.8926974553283,1.28390515266558,7.1186712573797,-6.56661829050184,-2.70315163472952,-3.26375199460184
"R12560",-26.4839389277033,-2.21659027582586,4.88159222487912,-2.33896545108843,2.92191816175901,-3.21421503129146,0.752982319663643,2.18163303047822,1.05556240483634
"R12561",-10.6618273403274,3.3052606368777,4.12939674516282,-0.51454306666144,-1.60230743657317,-1.89433072832464,0.274455742350821,1.57992953065986,-3.84767799910185
"R12562",16.3558437247171,8.86506643427271,1.52186351469611,-1.80826123505896,1.47856635627534,2.15325913239365,1.63074162328293,-0.612072449752071,0.604226816472633
"R12563",-2.95360893393089,4.51952703081274,4.22955870466256,0.978467422934241,-0.238969353567938,1.01503462810409,-0.304274138674401,3.41338106774606,-3.77983386051914
"R12564",-4.06245742464184,0.672406929840981,3.70755455666109,-1.05424076191495,0.43185077401103,-2.93492374708618,0.587001646574308,4.17510981867732,1.92985716483041
"R12565",2.92491130991877,3.67507532485087,-8.08062148826524,4.72521101221731,-1.00995446401158,-3.37678005709363,1.68771620525539,2.65688910305736,0.959799697851081
"R12566",-14.6828470297878,1.19927648427049,-6.85967355016396,2.85427703208141,0.922711343847959,-3.16920405456722,0.719981149118264,1.0549667468325,-2.16164663677281
"R12567",14.845236425871,3.77951537961412,0.129394404318923,-7.13305082085373,4.48906583322088,1.81615219520586,0.083432329119587,1.20969011159827,0.273810041760149
"R12568",14.0699618409447,7.79640472086149,2.2959547716333,0.531851984108605,1.83006658793692,2.97519790621025,-0.167640998368849,0.254870897396327,-0.00815206523994499
"R12569",-1.14278697868262,2.98263934705225,-8.64451379491405,1.75177913955173,1.13144547960746,-2.71567994614625,0.64999208951553,1.60115483097989,1.13983715921851
"R12570",14.4831525623408,6.91288377107548,2.16675195585869,0.238975669152992,3.16699897936382,2.85911858485072,0.232294717175943,0.48342964580267,0.829442228216923
"R2809",-3.11664967271823,3.29073206911058,4.31720968741526,1.70837126403437,1.37240118184013,-0.200477271011064,0.51342530488455,-1.54531340789109,-1.95278613816887
"R2816",-9.59156976482231,-0.980194147605694,-7.27972495612448,0.570012703936922,-0.444640339536763,-7.67600245425028,-0.0950085787962771,-2.6802492856938,-1.24678305632128
"R2824",-24.9603393776921,0.396306511867779,5.43729522239206,2.18619151026851,-0.912232805711082,-1.02768958322083,-0.618673644871352,0.693241671502889,-0.0306647242629109
"R2827",-4.37769592804223,0.2828806069485,-7.17901743504016,-2.45835536395835,1.50357935837512,-3.61712181453373,1.14047111446411,-0.110808422600346,-0.868306658046688
"R2840",-28.824623753811,-12.8962367146467,-4.36719354054147,-7.49778466970498,-2.73075093214523,-1.37421498425751,-1.30322777331825,-6.91346462288441,-0.191706947012127
"R2905",6.69113074941093,4.77538909558932,2.84833153757295,-0.41947523852899,7.36160176277595,3.37808206671413,0.434549471600462,-1.19370091814525,0.745349276428282
"R2947",10.6822363957964,1.9700980071281,1.22268164864459,-6.26997508130671,3.02765611452875,1.15483127918232,-1.10526086723368,0.0492442514201763,2.492127680814
"R3002",-3.50409364893804,3.0578728377526,-1.96250081731738,-0.632542737849242,2.62471376665328,-3.36354458191262,-1.79302153118597,-0.669567168739484,-0.300814631963457
"R3029",3.89641705082442,3.86228649024966,2.45342700223019,-2.4839898535705,0.379833738249798,-0.452356733372399,0.630378288202251,0.216066731500472,-0.187450444243508
"R3030",-6.18117312064149,0.902488970896117,-7.08596091305564,0.820317573368806,4.46251309294106,-2.59009067001025,1.48032817439341,-1.06257979509294,-1.64221686036634
"R3036",4.16963706711042,4.25999023209889,2.58433618777848,-1.97427084771207,2.18838815696252,1.57197926502941,0.741829693214047,-0.805849645792732,0.258860413079138
"R3050",-14.0928386978722,2.93065336859717,4.54767116212164,2.18859645970152,-2.10503274728596,0.113664428140044,-2.03758636393924,0.0371561418046486,-0.174673162761946
"R3063",-10.7437248355261,-0.127666495271501,-4.64381886220498,1.17874972242537,3.9654225203822,-13.5717139321645,0.843849635610266,-5.1344265812257,4.25736089251061
"R3070",-2.1896526071474,2.75288413151924,2.82361859779013,-2.25627580483631,0.0921044912735376,1.60394967645277,0.932990526812345,-2.22316528743637,-3.15848517559166
"R3377",6.04802929216903,-39.6617015187957,10.112171932513,-0.577936199986318,1.40558078817071,-6.39789174164165,1.66348087432431,-0.635394929939984,0.49730100345682
"R3391",34.5629375835123,-31.0006905618474,8.48074656400656,3.48131283601558,-3.49981454916082,4.11967320125439,1.53790474518916,-0.0700510711267442,-0.735164865330649
"R3393",2.72774513797309,6.19161774381962,3.5760268626755,1.14592919584298,-3.96860286396055,0.0967292099745486,3.07444056437455,-1.65988308595115,-1.5709920269794
"R3401",18.5647200396397,-26.1303528507057,7.3603973688758,0.0108083181802549,-0.53753848566461,1.68603261245144,-1.25997694989353,1.66468378566475,-0.483111694598897
"R3402",18.4410256334364,-30.1434627291303,9.09959464557028,4.24544719517149,1.39709868644832,1.69502679392876,-0.0100330759164845,0.479567180381571,0.970735379965884
"R3404",29.7427361663984,-29.5425650482302,8.17666841218682,3.4914705135671,-5.10968978665345,2.60419543800065,0.458557682416261,-0.236496834753634,0.469592282440629
"R3413",26.8334543387326,-35.1069258865951,-5.84251061374884,5.50199237723549,0.525668276225294,2.87558095767236,1.91605242902133,-0.299235168389622,-0.166818335862711
"R3417",18.478800152014,7.82560257684748,1.72602961488808,-1.20595807555804,-3.03936327483437,-0.469476972912394,-2.95565615386632,-0.972175059676451,0.538205580908053
"R3427",32.902200601885,-32.6666444981721,-4.94970640539659,7.80806061859552,-6.18787582201562,2.40309869360923,2.19497696366024,0.0238215792748593,-1.16874400478002
"R3440",18.588282922147,-33.4794426214388,-1.88784355864844,7.28451768598125,-0.39296424325207,-2.51061172524786,-0.155882089115422,0.900593107683601,-2.65388615891065
"R3446",4.55717608356222,3.79180118647124,-7.34721028938409,1.92512932802282,0.0324328772748152,-2.06476173564503,0.28545187466632,1.85597395940768,-1.92013065267536
"R3449",27.8933623647774,-32.7094802374433,-5.97302224384503,3.70798469019619,1.26388834106798,2.94483178077419,0.825283924363255,-1.10818876536908,-0.574499994071537
"R3450",32.734640193166,-31.8514357805557,-5.38578513902128,5.60389764595052,-0.747030341511379,0.0645332189237008,0.994562478373263,-0.899641298773114,-0.459437583812572
"R3451",25.055081922237,-35.9291481164719,-5.74547110943905,4.14603475643047,-0.18504297523466,-0.422904229827821,2.79403352760332,-0.225499279959666,-0.23990018231808
"R3456",15.801022020015,6.7965474505702,1.9419942378406,-2.25173081142929,-1.44257468589041,-0.263474912097576,-1.37047689018952,-1.10203724284442,0.245235398782024
"R3461",18.4708260618481,-35.4083092941534,-4.21336907472161,8.02876501229599,9.29865372954903,3.83538894265449,2.4514627201391,-1.93164311900455,0.115713551632448
"R3462",28.3395322508764,-33.6894389273936,-5.76924841263104,4.37229626961379,-2.52642025339818,-0.258049767505361,0.621667186794255,-1.45983107258479,-0.635461118017429
"R3464",15.9670068170459,-42.5433100757345,0.423809656378385,-3.97434586804325,0.0969843577090659,-9.72625865460926,4.4473664385889,-0.899105183171225,-2.05125377094102
"R3469",12.7589637142075,5.18051915489834,1.46701230272062,-3.76113437200516,2.39039314082533,2.57979089326158,-0.0619497835125669,-0.480861811251812,0.228029230377531
"R3470",10.5773928792723,3.88195998336692,1.9996503578157,-2.42963122158488,3.37826918897742,1.09627720117286,-2.71301528322403,-0.760994300273678,0.566783235054787
"R3475",9.02184008495472,-35.5692757152604,-3.05724487677448,8.11660103915796,1.41999482122087,-3.50461200096903,1.49384908934444,1.59266344958396,0.814880781270432
"R3476",-1.35320988400758,-18.8464132749572,-3.33119195266372,10.7452478628859,-2.29867634124419,-0.143707589957831,-5.35744786638727,-0.580513306667286,1.9487176379951
"R3477",7.5800858155668,6.82667780788444,3.08870133529701,1.29661193953762,-1.05967726085417,-1.68153799969416,-1.63916440867249,-0.19565538963847,1.03842382425092
"R3482",8.35837262231677,2.56220033425807,2.00320219264301,-3.47025109957844,1.48283433158559,-0.940357788533435,-2.07307598040299,-0.106172029639296,0.894372076167076
"R3485",21.5119597613766,-26.0288560582607,9.36242521116246,7.41822955802157,1.5051469725191,1.84498838675218,0.0452049539255812,-0.345484820564725,-1.58810561532217
"R3491",5.97861775254948,1.76583128809188,0.99886148531378,-7.65263728701812,0.762377561628077,-1.27972899694528,-1.27544973964043,0.498563405311306,-0.929600343167955
"R3494",18.3270254337426,6.7205649354403,0.788170784779345,-4.14521644695501,0.554921099271059,0.482261194141198,-1.49180752087323,-1.33152274330591,1.82208093579629
"R3496",9.1272002601495,-4.46040111189678,-0.476090023624863,-17.0750638474005,0.499851926772541,-7.1908492682902,-3.07163608453782,-4.85515679245372,0.0439112213842136
"R3498",21.6405947423633,8.57979124061534,1.08281543303527,-1.46696261443461,4.17000101526693,2.7146361199541,-2.70818865012272,-1.09656506133831,0.768300549629791
"R3500",6.32573568397807,1.96418026950422,-7.94346181685817,0.559492839108569,5.11567089527159,1.77627987815324,-1.54280011208258,-2.71178371072384,2.89581507232622
"R3506",5.01733031145331,8.31315624744765,3.49218182838301,2.91757666813558,0.396858375371233,2.38742142809956,-0.414484522928785,-0.685420599951142,-0.594169467064518
"R3510",-0.831789014404627,1.08510742632461,-6.05313984894119,5.68719372199743,0.48297522817035,0.639615894802632,-6.90831909330739,-1.70332359041107,1.23917964845599
"R3511",13.8999244835065,5.04852685371727,2.13304198546719,-0.284141864331372,0.324184791612529,1.55262245964043,-3.5673703734941,-0.826683020998844,0.946381867453037
"R3512",18.6769401690158,5.27979291193974,-8.95416163314519,-0.83628786489124,1.07935386402796,-6.15831219896571,-4.17813494478233,-5.4240572728239,0.212212749697997
"R3517",9.18027511542307,3.09707086243974,-8.956434237147,-3.78992635769243,2.41491689382777,1.75013401207859,0.973011603322069,-2.77955734499789,1.08804844803213
"R3523",15.0951733091922,4.93579767587861,-9.89558947429704,2.0501605862771,6.03893980456304,3.45941996128168,-2.2392033977354,-2.21876822918073,1.77113984758633
"R3537",4.64702641789372,-5.27328117943588,-11.2595625391777,-9.48127410998861,4.48739834714978,0.766813482801086,0.170002803660365,1.38663052230242,1.81273171332374
"R3540",-3.1799068285066,0.825013638178206,3.17506729182527,-2.88194558988252,4.58475517144235,5.71472141635416,1.07067827976128,-1.00079172236115,1.17937005109163
"R3543",-0.07228196871232,-0.706689870033899,2.78945690930525,-8.75869812665483,3.38422345082364,-9.25677704540033,-2.07162087690461,-4.43499600080757,-0.77280835909207
"R3545",-12.8953225942768,-2.40659752325336,4.88041737773611,-0.218891015309586,0.439974756922962,-7.21801323768482,-7.09220996761722,-2.87129149155981,2.11844603617029
"R3547",-19.4032010021222,-3.05333796649482,-5.54067244091134,3.69768005362933,2.97119260999224,-4.63500649574896,-6.14340357206174,-0.460553922890185,0.742282756469492
"R3548",23.3479577254347,7.04267410017803,1.21880313895522,-1.9127101482845,-1.77150369990674,-1.8836035194492,-3.8973112894743,-0.477208150128639,-0.836374162623281
"R3549",12.5173663212621,6.98740079131203,2.24952490060932,-0.683730058905604,1.20680451577324,-0.463384444332551,-1.10275588090097,0.414990278012091,1.17594130364625
"R3550",-17.0352703724917,-5.92564797082799,-2.76704683882142,10.1045503787718,2.10528324383988,0.945464686879063,-7.14240081094646,0.349229169116725,1.57498445510545
"R3552",-19.3290474982917,-11.0328715128355,3.72436111335327,-7.39517892444904,8.03202683350283,0.649176599319943,-6.71938853376842,-0.922603123077126,0.243323286494402
"R3555",11.7224518608912,5.69818849274616,2.2091017538785,-2.50868918354913,-0.514367652237864,-2.56526568718779,0.580492677534818,-0.195203383804487,-0.771783481349206
"R3556",13.5039820218333,7.43412357652486,-7.19525466599458,10.4851714576918,1.21840867718152,0.981558014909234,-2.13104206450557,1.24329764499742,0.163565558710801
"R3557",31.3618364893144,10.2016313672296,0.111068423408617,-3.36471945217798,-2.96392326240387,0.271350140548524,-4.27621295926076,-1.82423979055024,-0.514748253425568
"R3573",15.2345590378588,-13.4278867861788,6.86943768927501,6.06207471302562,-3.92219815080804,2.38486233486982,-5.72192751594651,-4.37524782142537,0.671481741574308
"R3574",-29.8019405145872,-12.784939061122,8.38118560230906,4.92621591289017,3.20662055225645,-3.37111366094332,-7.55375898164788,2.67912485710973,0.124000203183736
"R3575",15.665306845008,7.36524330938776,1.53935720471351,-2.36212108829396,1.76489706746118,2.78397533598738,-1.63068232644974,-1.30679435088555,-0.336191692629421
"R3585",12.5711476676673,4.35700873968548,1.69919128321897,-3.45290425771526,11.4865359254022,3.6841124111671,-1.29534854961555,-2.21109842584523,3.28176046685287
"R3590",-33.8718176987461,-9.83980019594002,-2.86625595030376,6.78059132136117,2.40134635354399,1.86846441828286,-6.56078444514807,0.323736767545322,2.18900665374641
"R3594",0.695547806093835,-3.91230802168025,4.35921070437417,1.23487688468835,0.336538019981314,-0.621474494800735,-8.58843074496542,0.194521260900314,2.5724372682917
"R3597",-6.68444216074488,-2.21726637576042,3.22389783400197,-8.25572016877866,3.09659496132572,-8.6089125188233,-0.90215019367656,-7.15664707846332,-2.84899417906507
"R3603",-6.66128709011299,-0.0496708746470127,-5.68340618688543,2.92500332555173,2.96903420867168,2.40313374188948,-3.81236732781132,-0.457840744868166,1.10077751239336
"R3604",14.9698608602161,8.52887575863593,2.64499793887272,1.3169364170135,-3.41377108229113,-1.57796788872188,-3.16997464283119,0.655362625369655,-1.22888953032858
"R3611",12.9300039786589,4.20511570914294,1.04462629207348,-6.16100872111821,7.85872783711947,6.14609226506044,1.15310791401936,-2.73217880458723,0.553721199116582
"R3614",-1.02246760254918,-2.12039517742304,-7.5217373989199,-3.10314551439331,4.46605772005332,1.78334508210876,1.04164915742473,2.82837820090176,0.737455918201195
"R3616",12.4630966023408,5.54277935458074,2.08950910845414,-1.43338061357349,2.23399484449736,1.75544363976572,0.174443243791882,-0.408134133695648,0.294409072612642
"R3627",-34.3959514901002,-14.1792351686585,7.91549271133855,1.82462057505499,5.76002652113551,-4.02844723808448,-7.81240346232446,1.31048109699459,-0.00233376516647682
"R3628",-19.9119285056674,-7.73115983179322,7.65495454423753,7.54016747866735,2.98524951329053,-0.169080289667974,-6.38384057788139,0.804110321141007,2.1010333713103
"R3639",8.12817785205412,4.0016359047145,2.22079997427198,-2.75019397695749,4.32169269806844,1.16373443080975,0.523000428717923,0.165939404505998,-0.362633761983765
"R3645",-28.6511247230943,-4.06492873261397,-5.08595514727453,2.20221197831349,6.61126447784702,2.07862027899959,2.16480340609326,-0.110049600620788,0.368502155229808
"R3646",-22.2358680796525,-0.838766372280415,5.57026206692067,1.24197730058277,5.58786140099272,-0.691630293065005,1.40873999516934,0.30325894369772,-2.16213466624346
"R3650",0.0313785069626031,0.0506932217111116,-6.94502974466842,7.24558388408651,2.10969377499701,-3.4066689207083,-5.86337474670248,0.594767085782617,1.5160513718026
"R3660",7.74378159867696,2.94029989416187,-7.79675827937283,7.61268377308388,2.52636656672524,-2.38104620340062,-4.59850124961913,0.223229605055164,2.48126717014897
"R3666",-10.3483809985238,2.59699563128624,3.64328388237495,-1.18309383435912,2.29169091326396,-0.800401525554154,1.64737902208226,-0.682558768230708,-0.359274163043779
"R3669",-7.15506214591226,-7.63075078977535,-5.1167773885071,7.4091716233302,8.07756160831197,5.51291038249266,-2.06907552492545,-3.6331940177476,2.09224494636345
"R3670",-2.48173668118786,3.15646913030825,4.60934539250079,3.51103085593989,3.60707033186469,-2.70209583871307,0.79185726276926,1.71193146144387,-0.109769229590084
"R3709",30.9672557706233,-31.7058870072571,8.84722366916603,4.06861693173073,2.92632132253364,3.41466632756659,2.2848800625787,-0.28984951379617,-0.9794958840271
"R3715",25.3665576614738,-34.1925891315009,1.18503970633476,5.81645074029439,-2.43331910982889,-3.33380630970152,-0.515069007880795,-3.72743660478657,-0.73723692817858
"R3716",9.90657157611796,-9.2734051176413,-6.51804110171422,-9.6136615804244,-8.85741082853885,3.41422161965895,-3.38051910025151,1.81059334713135,0.826808821647277
"R3774",13.6672335791708,8.25814850474761,1.62981778614281,-1.3886754943993,4.91029241215777,4.89126969326016,0.814273063332452,-1.38588632330328,0.126527448336078
"R3875",19.4050424732114,-34.7280960760343,-1.31789658437122,3.91726672055896,3.89641394275315,0.887956099225097,2.63498504090071,-0.0067255964023748,1.35882526475821
"R3877",23.973149704101,-39.6380081261122,8.95142706295898,-4.60929698210914,-1.51980358465662,0.18380673386355,6.69607895457305,1.32124798496217,-0.389440607715465
"R3878",12.4076690964659,-41.3028948491919,9.19929462772605,-4.69294388947919,4.07090997054179,-3.0381447639805,5.40817367440438,2.24292382592816,1.05862797190943
"R3879",23.8150450144205,-38.486966325981,8.89395204130118,-4.38630472349665,-4.14229426882459,-1.61787057128173,5.03249626443587,2.79226206135932,-0.815422383955045
"R3880",26.8129381771226,-35.359978690671,8.32512860131225,-1.57955254916807,3.66135471476573,-0.130589094289762,3.80190661158402,-0.764858256587328,-0.842289181283015
"R3887",10.3135430643697,5.62813223775374,2.98742404422906,0.0236427271674259,3.09813552235934,0.395820934557009,-1.45012484414073,-0.186696213583636,0.101781090168735
"R3888",-30.8267802503128,-4.00690546484669,-1.65940089775797,3.36704326398243,2.50292678510968,-1.85072494049215,2.57442610650747,-1.23446473252521,-1.79216787009163
"R3891",6.77192324539984,5.32475003877606,2.64220512489986,-1.11808794656569,-0.0414128256990477,-3.47376245405636,-0.832401988653269,0.670905022576024,1.13069185199152
"R3895",2.69818995349929,6.47403139227901,4.19453520098955,3.48716414714827,-1.945683206434,-0.773590572964516,0.65979002070982,0.292759860901647,0.76793463979763
"R3901",5.31289849212826,3.9898064949163,2.70060034487231,-1.584858941854,0.326052732235601,1.27213307773401,1.55492570034423,-1.09365298009397,0.460716654188015
"R3907",-7.96978993269125,1.00481398498079,-5.49748645027161,1.68360634010718,9.23303816002338,3.71255441751506,2.92838379413669,-1.38317816262427,1.04170488994582
"R3910",-19.9937388696997,-1.40522743040716,-5.74111936252959,4.06299715079546,10.0246115814923,3.15329853447397,1.10612929381345,-0.96115549568735,-0.700206381576854
"R3912",3.35782676553358,5.55562124224605,-6.50106314624358,4.81396381343454,-3.40778856131197,2.86604703789072,1.09861004203993,-1.88961425693166,-0.853711115173858
"R3915",-1.64949418290596,4.374361873628,4.16457589373787,3.15365467765222,2.59917816698307,-0.704603452274526,-2.7882344982417,0.641716301914672,1.15849094633332
"R3921",8.80189793767703,7.85045240520818,3.73530008852627,3.14299979448531,-1.46585542842517,-0.322413571397885,1.91742629988196,1.00835888153273,-2.97647574986283
"R3927",-5.10472517587166,0.757252486095832,-7.99355355813059,1.55266974393773,-1.5703287921561,-4.94510674322014,1.32141384193972,-4.57269976005245,-2.01501612768112
"R3929",8.28747799188451,6.43672214470938,2.83375703806994,-0.418480040986861,-2.24548822535078,-1.7854930809781,1.27079494162339,0.997847640108036,0.0349457473590256
"R3931",18.9623132921076,4.59828822416519,-10.0150319467831,0.830477863916349,-2.18701679491116,-1.1963314980261,-0.923087204595423,0.86289300737258,0.664492691319471
"R3932",-3.93089302296451,2.51682657807207,2.91470542973904,-4.21054151591512,0.874364087585692,-6.72214302751471,-1.11110566402864,-2.90400229712892,-0.8076979671283
"R3944",-2.39014550961817,5.80507851933737,4.02902614704812,0.948208692355426,-4.39455641719174,-0.59083451723481,0.972793191228416,-1.24275682970517,-1.9803761806573
"R3977",0.405767242884011,2.81299195749297,2.72114681091844,-4.08697066989785,0.411441722539053,0.405856646882103,1.75887887903523,-2.51085856006555,-0.0621467701739028
"R3978",-20.5926112742801,1.05116294651171,5.93078466590512,3.51623573850528,1.68235487064079,1.35074804265314,1.79376983949079,0.371357258327654,-1.49287270858855
"R3997",11.1222404191668,5.01766026292724,2.65488867164608,0.339773375765587,9.5918241684065,4.49499763204593,0.535924268179278,-2.16631769539196,2.3118178141198
"R4028",16.6230600817361,3.86636096055402,-10.7751218375835,-0.727369985055364,5.57158459969653,0.120176612132483,-0.476072142884127,-2.47251725594999,0.72106827935559
"R4029",5.08359098116068,-9.88255190137456,-11.9154567491475,-13.0023219994176,0.93195223921181,0.0571155986588485,-1.1725403015084,3.41071337393687,4.31978670186331
"R4043",5.3137594016391,4.41293043590869,3.2818429370542,-0.835596287713522,-1.61596778483442,0.531825042391025,1.49867497906872,-1.69652151585243,-0.361202156821657
"R4047",-0.418059579359478,4.36260638833463,3.90894759396178,2.36960980200751,1.62065456801257,2.42806210850348,0.51416186240379,-0.818155494501985,-0.364853686612563
"R4108",9.83045821728204,5.26755741963454,2.67226820827143,-2.76513435295208,-4.4286502203669,-5.08373172434356,0.629006394739821,-5.64325069702335,0.248757040522153
"R4109",-29.9067459569721,-1.70648819402042,5.24009239256419,-0.983452917957721,0.0271946094974471,-0.189428520393519,2.53733555706322,-3.38507622839986,-0.830652057318439
"R4111",-17.8420008741199,-0.510845543835762,4.26222517638977,-1.39570595507753,5.19162669162514,0.0279900557360146,1.35900537189281,-2.59411491080942,-2.37354730264253
"R4114",10.0868458414795,1.27960181309586,1.23070439907357,-6.45262905202185,6.83346084621233,0.670847104005703,0.204987839734556,2.45127833318916,2.30265833195792
"R4162",-3.2444705595121,0.889647911146638,2.57394015046255,-5.4229627437478,-0.308116186066746,-2.19484920430106,1.14895937417997,0.115012710439038,-2.52024991290717
"R4177",-0.599092218505258,3.23263638881195,3.4880460875436,0.199454996033193,0.690094964917332,1.10070586256779,-1.73230040630416,0.75593114531551,0.376209306245699
"R4179",-0.87307057647091,4.23556444310745,3.56188054269003,1.36414846852312,1.8869111286594,2.8935665657968,-0.122992529674985,-0.822027441340016,0.929538913432897
"R4181",10.7879850360692,5.45010640602919,-7.77156159049961,3.34102144362787,1.59625396502542,-1.03645364675888,0.2929594090065,-1.58696689401333,0.749428394887349
"R4185",-34.4015345009518,-7.1407717015877,-2.60370444435483,1.53496647370577,0.543365776647631,-0.513462417287443,-4.70946035767872,2.06122320437685,0.357557246038848
"R4194",0.47215557675433,3.2446431163109,3.46082782248544,-0.38971961408366,3.67106355188902,-3.53036685964703,0.188883735877607,1.69346611361056,-0.0103887279995266
"R4196",0.227833838044373,5.98659101470413,-5.5668870541751,9.56013965323508,0.549184089680304,0.300447815798048,-2.10386032420198,-1.11606305310133,1.53383761142809
"R4200",-2.83276250019476,5.17264742371112,3.91974276850737,0.957203171215285,1.81145166312166,-2.98822512821166,-1.5090123735551,1.20737026552697,-1.95539544926135
"R4207",-2.78748645430235,3.11801469570268,-5.78691534356423,4.45440034901229,0.12330366247374,-1.90745640551121,0.100450127429282,-0.532678670842182,0.663511901248347
"R4222",2.84828179015399,-1.6254699656716,4.8212242834997,3.77649038826612,3.49638805722769,3.67128280143608,-5.48564193769257,0.336754661914408,1.40947758599164
"R4226",7.52587553845748,3.76709985210377,1.79191270929533,-4.9282252049696,-1.35827704212276,-1.68571751141701,0.873133808255701,-0.915794395816792,-0.247302343679703
"R4251",18.073652145109,5.1690309384805,2.07714099487807,-0.438392297993558,0.556998629439032,-1.32103475101379,-2.1023523359192,0.193295974059482,1.67389739161869
"R4258",2.3180403590455,3.28592826237772,3.98277411436534,2.30910177554506,3.33048570302947,2.34964979939692,-2.88981295719683,0.344126985141932,1.84274100195949
"R4269",21.6482763468468,-34.6242799059668,-3.97835061796412,5.69010931825551,-0.170214380158096,-0.864943113962654,0.985804956808439,-0.283292911344983,-0.265526406427748
"R4273",-5.48575980065281,0.926440819472959,-7.90239014903887,0.40955511799994,6.14675204263627,1.50622379064566,-0.305634133666531,-1.30686758479726,-1.0731533731495
"R4279",-4.05344191650669,1.51486575086709,3.69018951319769,-3.22503372763893,2.62629632642056,-6.83097243276934,0.565702828265038,-3.4637632226168,0.79617614900091
"R4321",-24.1302313286007,-2.74257061288644,4.92195189106168,-2.39640447172046,4.83051535554983,4.76363249591698,1.63954751024676,-3.39489066143929,-1.77008985290819
"R4337",0.636947755665276,4.9910406199479,4.22302917995241,4.06070559720294,0.935025246257367,2.65265838723249,1.8824448394278,-0.415080183411293,-0.137579569110472
"R4338",10.7579173472965,3.29230240335762,1.39413348960008,-5.32732139173002,-0.552121971480424,3.39619573858851,-0.22347380438096,-1.37226756901124,-0.587074161680768
"R4339",9.80495580055215,4.960598172108,1.17285143970105,-6.37820523626597,2.17619477704293,-2.25611574605925,0.939621826236531,-1.57056118596491,-1.94761174053083
"R4351",-29.3627444087405,-3.82916612587825,5.93105877508739,-1.73853977774054,-0.933562987892663,-4.48999494491054,0.127004931808019,-4.01822556316258,-2.47656231558165
"R4355",-33.3798044255339,-4.420310875291,6.05004967920213,-0.536467569924911,4.39660354924843,-2.27943777850447,0.0768614352606347,1.12311429610721,-0.486776740734206
"R4357",1.63507902156798,5.86623909827074,3.15303435342199,-1.23383024061777,-0.995102865704597,-1.38705024590296,1.87074227578162,-3.79530327786426,0.0928116133124046
"R4359",1.06303217492704,4.53371786734031,3.03171201861994,-2.22253009651693,-3.15840220177239,0.27883716038552,-0.604148405715815,-4.81579300338801,-1.53499412009657
"R4366",-6.9077740049543,2.42574809421935,3.909516667864,-0.180181206191198,3.67468723079761,1.55115836407439,0.660891207482225,1.03505068316151,0.109908137724011
"R4367",-3.80582727436341,2.767995771,-7.2682233166323,0.342146373550057,0.454900291313785,-2.75382322836263,1.6166855001475,-1.36704909545956,-1.98334570038815
"R4381",13.0755906029077,6.0482454071018,1.56681273707655,-3.77133346622736,-0.151531820872073,-0.788246169543026,0.101565643566099,-2.207081493572,-1.11941363390115
"R4386",18.9540876341114,6.65697922431639,1.96335766672068,-0.85163414412827,1.51043361852541,0.483006250923775,1.06976580383238,-0.662015025703007,-0.551609101072074
"R4387",3.94508086807357,6.08756508864736,3.33159252068522,0.480403631149302,0.876467884858557,-1.14047260674557,0.949621720844565,-0.133151216769035,0.522291946199497
"R4388",-16.5319702597791,0.83213256537918,-4.12288645361139,3.15652897984404,-3.7959868860523,0.166141424275138,1.18153035879494,-1.26870606673836,0.409236141535064
"R4393",7.92415118743399,5.20872210121011,3.22754718237446,0.434496017352274,1.83071473367312,-3.15473723923754,-1.57633507364994,1.55131931267443,-0.0582074591568816
"R4407",-4.15958864968676,1.6376162351407,-5.25316217859767,0.725778758359261,0.0804446883808499,-2.43869021066705,0.793599124662498,-0.694155647356021,-0.328554752404021
"R4414",-1.0561358030549,0.694402423189846,2.34982523716362,-3.46580162242594,-0.412766909251025,3.7442236124459,-0.296783979422542,-4.05029413800684,-0.66946252377808
"R4417",-1.72905445759706,1.37137675963421,-8.89526990791839,-0.846292004761041,2.51036305013752,-4.50217317378629,1.08127216755295,0.665468020504907,-2.99027190103429
"R4707",4.17672420078486,-33.1614888987535,9.64431394472379,0.683358515842739,0.868725947852964,-7.78934130286227,0.203284469829655,-0.920074314165173,1.41774525402023
"R5597",-12.695458623211,-2.10739991391086,3.7999918816057,-6.79787223921279,5.20978348897424,-9.59903178159195,1.30394538738957,-3.53469733433222,-0.926956040455712
"R5600",-1.69800138905468,3.32266967704445,3.5809397377207,-0.820183694490478,-0.379690953376921,-1.21518586785544,1.93988823268091,1.13463934683368,1.8963828848689
"R5608",-14.9339573921335,0.0613374742652201,-2.84317886885585,5.27001003460261,-2.83021564971316,-0.554698610908604,1.87415034922759,0.178209683941521,-0.381064578733531
"R5622",6.27833207735944,1.12417555311047,2.1099142074424,-6.22380840786586,-1.14725581936277,-3.61907067210737,-0.0521401291674105,-3.78944838081946,0.523422548130244
"R5623",12.358365028402,5.37702254966124,2.21970709144467,-2.16002421377241,5.31132677578044,1.64783496720279,0.284403582378811,-1.21153112142985,0.372068598193132
"R5743",5.1614593230352,3.55568170920633,2.08860766201155,-4.56384076108732,-1.15463667321571,-2.10013058306898,-0.334396078277506,-3.33493121203285,-3.59163978953199
"R5747",-6.68194176640227,4.26758821382397,4.65132347709784,-1.20733659836193,0.107362894095501,-10.2697277920676,-1.11967675603267,-6.87409681879734,1.31220652105799
"R5785",50.7573744177981,-26.4174092256921,7.06915192460028,2.21067397305653,-7.02421698514455,0.172803096405938,-2.37330529690458,0.644425668344685,-4.34037405641687
"R5810",26.7548513686086,-32.2780567086007,-5.57325456216976,6.9166327003716,1.02710192138077,-7.30425220127169,-4.81977648185923,-1.63656534308433,-1.80217293725025
"R5815",49.7472461386221,-16.3867729739069,5.34871312376155,4.06950900935488,-2.66075408910809,8.74418260269202,-3.85344781861756,-3.40044873357552,-3.09919069015081
"R5824",12.2934801719086,1.06505500131478,-10.2078529872263,-0.574709052350392,-3.00944263171458,-5.10286805794408,-2.93606851607061,-4.36553467350543,2.53930288280726
"R5848",27.7858765390338,9.58549783908641,-0.0977919763603599,-4.37400489019227,-1.76631665054394,-0.13146633206698,-5.76489083870999,-1.02969378748422,-2.37168647185073
"R5853",1.91551339482806,3.21549906611635,2.33345565846851,-5.31287904415176,1.23488285597351,-3.99454774013585,-3.42658686993685,-5.06861277641668,-0.62911675692942
"R5859",12.6040550872346,7.56349005082063,-10.0462941478764,4.49692263933798,-3.85200733199493,-3.19533915973752,-3.32666359325949,-0.842967325027381,0.0154737761860869
"R5861",19.6886249499812,8.13205002110099,0.840682905297106,-3.05709494289929,-7.62592054714988,3.15950164082395,-0.754523939594,-4.54248601744336,-2.15199085271196
"R5863",3.13950506828347,5.403521661728,3.19844813374745,0.445282457307766,6.10140010369097,6.25495341463556,2.3107049248597,-2.1540817468914,1.67068691954275
"R5865",18.7765050308712,-3.28771341176918,-13.8252312812623,-9.04288143441845,-16.0497528411828,7.60303622286037,-6.52994050239287,-3.05106531484667,0.890101575705103
"R5868",-3.74845921843287,4.10031026641851,3.49548953047002,-0.776109718883089,-0.30368800430964,-2.16878819673914,0.30820451917967,0.793258495668829,-2.69548145513103
"R5871",11.90893150292,4.28224547364163,1.84915639478915,-2.06199290486762,-1.23279374524351,0.258768227857113,-2.62300659971663,-0.561119228700955,2.74170665015353
"R5885",-17.1963056852759,2.10396308381145,5.02197603837689,-2.69797196615106,3.3467424954882,-12.0314131399549,1.63891840715352,-8.52907253285924,1.99267397680676
"R5905",6.67979349737499,4.12381828213145,2.51276167064381,-1.55032780349648,4.76077543187482,1.28018739179725,0.558326246890015,-1.29757481744261,-0.718276402056857
"R6531",12.2630649226717,6.32612096977423,1.39283263657719,-3.77586992186983,-0.109795475313903,-1.94322219912785,-0.830174608149516,-0.144645894688683,-1.15108110989813
"R6532",-26.026532950038,-2.12988477331434,5.31441364608036,0.976276944664071,1.90872848511447,3.3259273794739,-1.58578191158574,0.108801911760314,0.654552525468867
"R6533",10.8138685442519,6.13423051885896,1.84188033589528,-3.65117217717742,-2.26269054200675,-0.122432421505122,1.0481236550893,-2.3005339297578,-0.371191402099059
"R6534",-16.4085339115435,0.545020236976588,4.81496997706485,1.31587745316935,-5.29636193690374,2.11112493234198,-2.43691432370463,-2.02642029368148,0.102124196173226
"R6535",-0.882019452692657,5.56804066164085,3.71039396057879,1.22803544877913,-1.83824564559545,0.128930845572947,-0.0313341353442781,-0.521062927400701,0.259235233029722
"R6572",-15.3408925322138,-0.638803691565411,3.71051417756459,-4.04234638969574,1.67351715670622,-1.59087499759283,0.768978333825523,-2.30422931309906,-1.39679495589862
"R6574",2.38851253329136,5.00763568346009,3.76864625121361,1.30049179622969,-0.519292775809951,-1.35965594432359,-0.94478975992525,1.44350096643517,-0.243236519777389
"R6578",3.46825773168438,2.37102378687093,2.52604710787534,-2.89891372037373,-2.45944919690021,0.00141697740364948,1.18980649393793,0.0897714789511007,0.400820213976797
"R6579",11.1571102203691,7.96959097079724,2.91330763248471,1.09151534996167,-6.14897441472833,5.68716458308432,0.753256847107337,-3.38391890768288,-0.677716274058026
