task_id	chrom	start	end	snp_id	beta
616	1	29107568	29107723	chr1_28608475_C_T_rs191188014	0
616	1	29107568	29107723	chr1_28609777_G_GT_rs527637914	-0.135145234442853
616	1	29107568	29107723	chr1_28609979_A_AT_rs962267398	0.125301934241552
616	1	29107568	29107723	chr1_28611202_T_TAG_rs368798163	0
616	1	29107568	29107723	chr1_28612493_C_T_rs142436262	-0.00724542748967428
616	1	29107568	29107723	chr1_28614381_C_T_rs146096501	0
616	1	29107568	29107723	chr1_28616171_C_T_rs146384031	-0.089302774572564
616	1	29107568	29107723	chr1_28616172_A_G_rs139832522	0.0129965029982643
616	1	29107568	29107723	chr1_28616503_G_T_rs150989167	0
616	1	29107568	29107723	chr1_28624409_C_T_rs139635681	0
616	1	29107568	29107723	chr1_28625713_C_T_rs552438830	0.0250575017836071
616	1	29107568	29107723	chr1_28626706_C_T_rs138426747	0
616	1	29107568	29107723	chr1_28627480_G_T_rs112304839	0
616	1	29107568	29107723	chr1_28629822_A_T_rs79701671	0.00765429554800341
616	1	29107568	29107723	chr1_28630684_C_CAAAAG_rs138309545	0
616	1	29107568	29107723	chr1_28648787_C_T_rs72887603	0
616	1	29107568	29107723	chr1_28649045_A_G_rs9426392	0
616	1	29107568	29107723	chr1_28663052_A_G_rs562395244	0
616	1	29107568	29107723	chr1_28664141_C_G_rs12130117	-0.0452683184951131
616	1	29107568	29107723	chr1_28664799_A_C_rs140991937	0
616	1	29107568	29107723	chr1_28667219_C_T_rs11804491	0
616	1	29107568	29107723	chr1_28676738_A_T_rs79218168	0
616	1	29107568	29107723	chr1_28679962_C_T_rs144311052	0.162744729648506
616	1	29107568	29107723	chr1_28684318_C_CT_rs542087423	0
616	1	29107568	29107723	chr1_28704788_A_G_rs138924345	0.0432819944381771
616	1	29107568	29107723	chr1_28705206_C_T_rs112931805	0.113719422254878
616	1	29107568	29107723	chr1_28709585_A_T_rs11799532	0
616	1	29107568	29107723	chr1_28720731_A_G_rs140897803	0
616	1	29107568	29107723	chr1_28727208_A_T_rs4654369	-0.00281678904484499
616	1	29107568	29107723	chr1_28727817_A_G_rs58092577	0
616	1	29107568	29107723	chr1_28731659_A_G_rs186426348	0
616	1	29107568	29107723	chr1_28734239_C_G_rs150704513	0
616	1	29107568	29107723	chr1_28744274_C_CAA_rs200273623	-0.0287301323991001
616	1	29107568	29107723	chr1_28746685_A_G_rs115557000	0
616	1	29107568	29107723	chr1_28757811_A_G_rs181252251	0
616	1	29107568	29107723	chr1_28760919_C_T_rs116189492	0
616	1	29107568	29107723	chr1_28763313_G_T_rs59640675	0.0326472480772802
616	1	29107568	29107723	chr1_28763518_C_T_rs149331848	-0.110691348619882
616	1	29107568	29107723	chr1_28782896_A_G_rs111988464	0.0017133456473865
616	1	29107568	29107723	chr1_28783742_C_T_rs191996063	0
616	1	29107568	29107723	chr1_28784199_A_G_rs9426397	-0.0375606980315175
616	1	29107568	29107723	chr1_28785712_A_G_rs115019199	0
616	1	29107568	29107723	chr1_28787884_A_G_rs142891528	0.0028042972883538
616	1	29107568	29107723	chr1_28789608_A_ACATTCATT_rs.	0.0928412674471858
616	1	29107568	29107723	chr1_28792464_A_G_rs79174674	0
616	1	29107568	29107723	chr1_28797595_G_T_rs114774142	0.0145813473837698
616	1	29107568	29107723	chr1_28802462_C_CT_rs376782811	-0.0178872588111229
616	1	29107568	29107723	chr1_28803420_C_T_rs10799121	0.000143088364174061
616	1	29107568	29107723	chr1_28808034_C_T_rs16837697	0
616	1	29107568	29107723	chr1_28818115_A_G_rs367921041	0
616	1	29107568	29107723	chr1_28820255_C_T_rs192235499	0.0579259656137538
616	1	29107568	29107723	chr1_28821390_A_G_rs192492281	0
616	1	29107568	29107723	chr1_28824146_C_T_rs12092160	-0.00233830774869934
616	1	29107568	29107723	chr1_28825531_A_G_rs141704070	0
616	1	29107568	29107723	chr1_28834090_C_T_rs112252463	-0.123317198239497
616	1	29107568	29107723	chr1_28839061_T_TA_rs11398217	0.0287761806506504
616	1	29107568	29107723	chr1_28839811_A_C_rs556408	0
616	1	29107568	29107723	chr1_28843081_A_G_rs421300	-0.077455639211718
616	1	29107568	29107723	chr1_28845103_C_T_rs10159249	0
616	1	29107568	29107723	chr1_28847410_A_G_rs72665504	0.0141989421360618
616	1	29107568	29107723	chr1_28850273_G_T_rs2873795	0
616	1	29107568	29107723	chr1_28852955_G_T_rs113740320	0
616	1	29107568	29107723	chr1_28853502_C_T_rs16837730	0.0278441742415249
616	1	29107568	29107723	chr1_28855013_A_G_rs508448	0
616	1	29107568	29107723	chr1_28860040_C_T_rs74065125	0.0654673707301295
616	1	29107568	29107723	chr1_28860207_A_G_rs204081	-0.0115780022333832
616	1	29107568	29107723	chr1_28860861_C_T_rs60062512	0.0138924112397863
616	1	29107568	29107723	chr1_28861708_A_G_rs59258306	0.020977120896665
616	1	29107568	29107723	chr1_28864430_A_G_rs204075	0
616	1	29107568	29107723	chr1_28866802_A_G_rs74065134	-0.193796337905432
616	1	29107568	29107723	chr1_28873816_A_G_rs72553633	0
616	1	29107568	29107723	chr1_28874140_A_G_rs12035751	0.238076270786425
616	1	29107568	29107723	chr1_28875005_A_G_rs12406247	0.00883838777696927
616	1	29107568	29107723	chr1_28875840_G_T_rs187587426	0.200602814955452
616	1	29107568	29107723	chr1_28876606_C_T_rs75703093	0
616	1	29107568	29107723	chr1_28881306_A_G_rs112784164	0
616	1	29107568	29107723	chr1_28881415_G_T_rs56194230	0
616	1	29107568	29107723	chr1_28881937_A_AGCCACCTC_rs138594697	0.000545989803409862
616	1	29107568	29107723	chr1_28882548_C_T_rs114982944	-0.0213725510250115
616	1	29107568	29107723	chr1_28888690_A_C_rs187939427	-0.0733557118497365
616	1	29107568	29107723	chr1_28895502_A_T_rs111945390	0
616	1	29107568	29107723	chr1_28897452_C_G_rs368014726	0
616	1	29107568	29107723	chr1_28898992_T_TC_rs201495717	0.0320082140674484
616	1	29107568	29107723	chr1_28900488_A_G_rs113574563	0.00523392735675083
616	1	29107568	29107723	chr1_28900952_C_T_rs140703132	-0.0151848608785617
616	1	29107568	29107723	chr1_28901136_A_G_rs157230	-0.00178312184469607
616	1	29107568	29107723	chr1_28902319_C_T_rs150093	-0.0348540073475806
616	1	29107568	29107723	chr1_28912027_A_C_rs56166118	-0.394196608927056
616	1	29107568	29107723	chr1_28917248_C_G_rs149932	0
616	1	29107568	29107723	chr1_28921599_A_C_rs77632355	0
616	1	29107568	29107723	chr1_28924257_C_G_rs189734	0.023435041266232
616	1	29107568	29107723	chr1_28927252_A_G_rs369501750	-0.00150372658948883
616	1	29107568	29107723	chr1_28929605_C_T_rs204045	0.00206274277767549
616	1	29107568	29107723	chr1_28941980_C_T_rs147240271	0.0157803033332952
616	1	29107568	29107723	chr1_28978618_C_G_rs72874923	-0.16367771103277
616	1	29107568	29107723	chr1_28988191_C_T_rs373018447	-0.180681700559475
616	1	29107568	29107723	chr1_28993501_A_G_rs111642750	0
616	1	29107568	29107723	chr1_29000830_G_GT_rs.	0
616	1	29107568	29107723	chr1_29025278_A_G_rs2788889	0
616	1	29107568	29107723	chr1_29040884_A_G_rs147814928	0
616	1	29107568	29107723	chr1_29053605_G_T_rs147522175	-0.021002791540692
616	1	29107568	29107723	chr1_29079421_C_T_rs570461984	0.00430852398520066
616	1	29107568	29107723	chr1_29083069_A_G_rs189506680	-0.000580240075138876
616	1	29107568	29107723	chr1_29084678_A_G_rs114291803	0.0492209360994457
616	1	29107568	29107723	chr1_29117392_A_G_rs115245496	0.359885973439792
616	1	29107568	29107723	chr1_29145870_C_CCT_rs557655593	0
616	1	29107568	29107723	chr1_29185925_A_G_rs114847234	-0.0340232113112975
616	1	29107568	29107723	chr1_29219817_C_T_rs76285895	0
616	1	29107568	29107723	chr1_29232347_A_G_rs546873524	0
616	1	29107568	29107723	chr1_29234466_A_C_rs568398641	0
616	1	29107568	29107723	chr1_29239097_A_G_rs34095513	0.0119905759443744
616	1	29107568	29107723	chr1_29241469_C_T_rs10915243	-0.0610246768076004
616	1	29107568	29107723	chr1_29243907_G_T_rs10799127	-0.0263923747252733
616	1	29107568	29107723	chr1_29245345_A_G_rs1389267	-0.040884744801219
616	1	29107568	29107723	chr1_29248650_G_T_rs78878688	0
616	1	29107568	29107723	chr1_29249154_A_G_rs1032424	0
616	1	29107568	29107723	chr1_29249503_A_G_rs12097349	0.067200652548175
616	1	29107568	29107723	chr1_29254578_C_G_rs16838061	0
616	1	29107568	29107723	chr1_29256151_A_C_rs116122795	0
616	1	29107568	29107723	chr1_29260191_A_C_rs12404526	0
616	1	29107568	29107723	chr1_29267743_G_T_rs74851189	0
616	1	29107568	29107723	chr1_29269572_C_G_rs6687475	0
616	1	29107568	29107723	chr1_29269661_C_T_rs76789646	-0.0146485746809308
616	1	29107568	29107723	chr1_29270504_C_T_rs72649300	0
616	1	29107568	29107723	chr1_29276401_A_G_rs575278229	-0.00958596452939509
616	1	29107568	29107723	chr1_29278146_C_T_rs75521358	0
616	1	29107568	29107723	chr1_29279416_G_T_rs115259153	0
616	1	29107568	29107723	chr1_29280682_C_T_rs4518865	0.0148524159237344
616	1	29107568	29107723	chr1_29282471_G_GCC_rs376637671	0.0765333186574461
616	1	29107568	29107723	chr1_29283050_A_G_rs149171358	0
616	1	29107568	29107723	chr1_29289744_A_G_rs139799507	0
616	1	29107568	29107723	chr1_29290844_T_TC_rs370868616	0
616	1	29107568	29107723	chr1_29294937_A_G_rs72651213	-0.0439053530322031
616	1	29107568	29107723	chr1_29295012_C_T_rs12083729	0.0335501237147695
616	1	29107568	29107723	chr1_29303609_C_T_rs79854629	0.0233105379822172
616	1	29107568	29107723	chr1_29303778_A_G_rs565454476	0.12881333633526
616	1	29107568	29107723	chr1_29304444_A_G_rs3737606	0.00228037554311972
616	1	29107568	29107723	chr1_29304538_A_G_rs7524056	-0.00240005832382212
616	1	29107568	29107723	chr1_29305397_A_G_rs2235937	0.100860816758372
616	1	29107568	29107723	chr1_29305888_A_G_rs2235936	-0.00131744017524288
616	1	29107568	29107723	chr1_29306088_G_T_rs2235938	0
616	1	29107568	29107723	chr1_29308113_A_G_rs12743391	0
616	1	29107568	29107723	chr1_29308397_C_T_rs12740091	-0.00160533815699501
616	1	29107568	29107723	chr1_29310806_A_G_rs6671919	0
616	1	29107568	29107723	chr1_29313196_C_T_rs10915250	0
616	1	29107568	29107723	chr1_29314624_C_T_rs138676080	0.111813689075675
616	1	29107568	29107723	chr1_29315063_A_G_rs114091359	0.0209903175188532
616	1	29107568	29107723	chr1_29318186_C_G_rs76321435	-0.0975094662835098
616	1	29107568	29107723	chr1_29319850_A_G_rs12740949	-0.142875730564907
616	1	29107568	29107723	chr1_29320327_A_T_rs76602371	0
616	1	29107568	29107723	chr1_29321122_C_T_rs71644124	-0.0742266533958018
616	1	29107568	29107723	chr1_29322638_C_T_rs190249727	0
616	1	29107568	29107723	chr1_29326396_A_G_rs75083199	0.0345955543775867
616	1	29107568	29107723	chr1_29329034_G_GAGGTGGCGGCCTCTCAGACA_rs57581316	0
616	1	29107568	29107723	chr1_29332420_C_G_rs9426419	-0.226495857402168
616	1	29107568	29107723	chr1_29335072_A_C_rs1883915	0
616	1	29107568	29107723	chr1_29335467_C_T_rs115953530	0
616	1	29107568	29107723	chr1_29338540_A_G_rs146344324	-0.0776133406420944
616	1	29107568	29107723	chr1_29340066_A_G_rs7553608	0
616	1	29107568	29107723	chr1_29340384_C_T_rs150128603	-0.208997287456319
616	1	29107568	29107723	chr1_29343379_A_G_rs12038152	0
616	1	29107568	29107723	chr1_29344069_A_AGG_rs373402565	-0.0432529937707928
616	1	29107568	29107723	chr1_29344885_C_T_rs59757967	0
616	1	29107568	29107723	chr1_29346408_G_T_rs2746546	0
616	1	29107568	29107723	chr1_29346485_A_G_rs10753333	0
616	1	29107568	29107723	chr1_29348559_A_G_rs78830746	0.00598639780605863
616	1	29107568	29107723	chr1_29350485_C_T_rs12081982	-0.0359375502804693
616	1	29107568	29107723	chr1_29351929_A_C_rs72886246	0.0721127079771493
616	1	29107568	29107723	chr1_29354455_A_T_rs9426424	-0.0363487868924589
616	1	29107568	29107723	chr1_29355574_A_T_rs10753334	0.0122769236364239
616	1	29107568	29107723	chr1_29357646_C_T_rs4654305	0
616	1	29107568	29107723	chr1_29357852_C_G_rs10915255	0
616	1	29107568	29107723	chr1_29357891_A_T_rs10753336	-0.000806137356199248
616	1	29107568	29107723	chr1_29358072_A_G_rs75648752	0
616	1	29107568	29107723	chr1_29358265_G_GA_rs.	0
616	1	29107568	29107723	chr1_29359564_C_T_rs142439075	0
616	1	29107568	29107723	chr1_29359770_A_G_rs532463097	0.0862245450472629
616	1	29107568	29107723	chr1_29360249_C_T_rs548927282	0
616	1	29107568	29107723	chr1_29360465_C_T_rs74913807	0.161808188724778
616	1	29107568	29107723	chr1_29360805_C_T_rs114575557	-0.0689230597022932
616	1	29107568	29107723	chr1_29363934_A_G_rs141436769	0
616	1	29107568	29107723	chr1_29367456_G_T_rs77806860	-0.00673420999956927
616	1	29107568	29107723	chr1_29367961_A_C_rs13376220	-0.0091517421034883
616	1	29107568	29107723	chr1_29368342_A_G_rs563252177	0.0160018221485604
616	1	29107568	29107723	chr1_29369294_A_G_rs78934040	-0.0503898022087643
616	1	29107568	29107723	chr1_29369548_C_T_rs56203706	0.0388504968497005
616	1	29107568	29107723	chr1_29371884_A_G_rs115577897	0.00213335379157545
616	1	29107568	29107723	chr1_29371956_A_G_rs12568406	0
616	1	29107568	29107723	chr1_29372141_A_G_rs79941313	0
616	1	29107568	29107723	chr1_29373002_C_T_rs145783803	0
616	1	29107568	29107723	chr1_29378271_G_GA_rs199504858	-0.126666271893147
616	1	29107568	29107723	chr1_29378718_A_T_rs10799131	0
616	1	29107568	29107723	chr1_29379692_C_T_rs116770792	0
616	1	29107568	29107723	chr1_29380309_C_T_rs114366043	0
616	1	29107568	29107723	chr1_29382039_C_T_rs114240992	0
616	1	29107568	29107723	chr1_29383447_A_C_rs11579229	0
616	1	29107568	29107723	chr1_29384663_C_CA_rs76943076	0
616	1	29107568	29107723	chr1_29384759_C_T_rs6702066	0
616	1	29107568	29107723	chr1_29384954_A_G_rs2092616	0
616	1	29107568	29107723	chr1_29385732_C_T_rs6656878	-0.00530451198475583
616	1	29107568	29107723	chr1_29386471_G_T_rs9426428	-0.0177611503591628
616	1	29107568	29107723	chr1_29388693_C_T_rs12561934	0
616	1	29107568	29107723	chr1_29388816_C_T_rs56178150	0.00703273967694766
616	1	29107568	29107723	chr1_29388915_G_T_rs150983016	0.246743859104397
616	1	29107568	29107723	chr1_29390102_A_G_rs12755487	0.00529395129554132
616	1	29107568	29107723	chr1_29391543_C_T_rs16838167	-0.00943383118638005
616	1	29107568	29107723	chr1_29391675_C_T_rs212304	0.0114120610047965
616	1	29107568	29107723	chr1_29391679_G_T_rs742800	0.0165305979520515
616	1	29107568	29107723	chr1_29391955_A_G_rs75218188	0
616	1	29107568	29107723	chr1_29392143_C_T_rs4654337	0.00750004276243659
616	1	29107568	29107723	chr1_29392339_C_T_rs12063853	0
616	1	29107568	29107723	chr1_29392552_C_T_rs80144748	0
616	1	29107568	29107723	chr1_29398910_A_G_rs10915262	0.0931741785554995
616	1	29107568	29107723	chr1_29399713_A_G_rs212298	0
616	1	29107568	29107723	chr1_29399800_A_G_rs143028077	0
616	1	29107568	29107723	chr1_29400304_A_AT_rs36140929	-8.03978405804748e-05
616	1	29107568	29107723	chr1_29400929_A_T_rs1014989261	0
616	1	29107568	29107723	chr1_29401333_C_G_rs573560414	0
616	1	29107568	29107723	chr1_29402358_A_T_rs140780844	-0.0512464194906295
616	1	29107568	29107723	chr1_29403207_G_T_rs4369201	-0.0566599963983182
616	1	29107568	29107723	chr1_29404629_C_T_rs189338722	0
616	1	29107568	29107723	chr1_29406199_T_TG_rs113942690	-0.202386963710371
616	1	29107568	29107723	chr1_29406960_C_T_rs111466343	-0.00907481742435952
616	1	29107568	29107723	chr1_29407223_G_T_rs61014581	-0.00388349679002732
616	1	29107568	29107723	chr1_29409146_C_T_rs78963815	0
616	1	29107568	29107723	chr1_29409875_A_G_rs116265936	0
616	1	29107568	29107723	chr1_29410504_T_TG_rs539331424	0.0387377796546133
616	1	29107568	29107723	chr1_29411679_C_T_rs141037491	0.0434653525070722
616	1	29107568	29107723	chr1_29411790_A_C_rs141390993	0.0627669662543186
616	1	29107568	29107723	chr1_29413057_A_C_rs78084838	0
616	1	29107568	29107723	chr1_29414149_A_G_rs9426338	0.00189480172174491
616	1	29107568	29107723	chr1_29414970_A_T_rs116376914	-0.00144452626101405
616	1	29107568	29107723	chr1_29417480_C_T_rs.	0.0210456889739331
616	1	29107568	29107723	chr1_29418055_C_T_rs12077425	0
616	1	29107568	29107723	chr1_29419090_A_G_rs10799133	0
616	1	29107568	29107723	chr1_29423743_A_G_rs1408863	0
616	1	29107568	29107723	chr1_29425239_C_T_rs11806693	0
616	1	29107568	29107723	chr1_29425326_C_T_rs11586152	0
616	1	29107568	29107723	chr1_29427178_C_T_rs9426446	0.00360354254824055
616	1	29107568	29107723	chr1_29434134_A_C_rs16838247	0
616	1	29107568	29107723	chr1_29436595_A_G_rs115040819	0.00696161375448096
616	1	29107568	29107723	chr1_29437219_C_T_rs149198805	0
616	1	29107568	29107723	chr1_29438088_C_T_rs72889149	0.03035377432986
616	1	29107568	29107723	chr1_29439090_A_T_rs9426449	0.000732077279561334
616	1	29107568	29107723	chr1_29439544_C_T_rs9426450	-0.00791903399101613
616	1	29107568	29107723	chr1_29439829_A_C_rs9426451	-0.00549482730615957
616	1	29107568	29107723	chr1_29440142_A_G_rs7539481	0.00511492412398679
616	1	29107568	29107723	chr1_29441491_C_T_rs77453439	-0.0667422720650006
616	1	29107568	29107723	chr1_29441784_G_T_rs74773918	0
616	1	29107568	29107723	chr1_29444745_G_T_rs11587977	0
616	1	29107568	29107723	chr1_29445052_C_G_rs6694390	0
616	1	29107568	29107723	chr1_29446278_A_T_rs61783765	-0.0113405007608557
616	1	29107568	29107723	chr1_29446528_C_T_rs4654344	0.0624778302013717
616	1	29107568	29107723	chr1_29446721_C_T_rs34059284	0.0060178293545769
616	1	29107568	29107723	chr1_29447695_C_T_rs61783767	-0.138299150054702
616	1	29107568	29107723	chr1_29447864_C_T_rs149109453	0
616	1	29107568	29107723	chr1_29448099_A_G_rs143210964	0
616	1	29107568	29107723	chr1_29449526_C_CAGG_rs5773246	-0.0066696023110426
616	1	29107568	29107723	chr1_29451392_A_G_rs7554243	0.00555674032010846
616	1	29107568	29107723	chr1_29451689_A_G_rs66687682	0
616	1	29107568	29107723	chr1_29452793_C_T_rs4654347	-0.00985970702388651
616	1	29107568	29107723	chr1_29453516_C_T_rs7556278	0
616	1	29107568	29107723	chr1_29453611_C_T_rs7513556	0
616	1	29107568	29107723	chr1_29454041_C_T_rs59664751	0
616	1	29107568	29107723	chr1_29454245_C_T_rs7514218	0.00131693713995605
616	1	29107568	29107723	chr1_29455163_C_T_rs10732275	0
616	1	29107568	29107723	chr1_29456588_C_T_rs113436249	0
616	1	29107568	29107723	chr1_29456623_C_T_rs9426453	-0.00433616878798381
616	1	29107568	29107723	chr1_29457900_A_G_rs145774045	0
616	1	29107568	29107723	chr1_29458385_A_C_rs12064883	-0.017230530414565
616	1	29107568	29107723	chr1_29461222_A_T_rs1467636	0
616	1	29107568	29107723	chr1_29462763_C_T_rs114504106	-0.00362770360836099
616	1	29107568	29107723	chr1_29465791_A_G_rs766385	-0.0699126409642373
616	1	29107568	29107723	chr1_29466954_C_T_rs16838277	0
616	1	29107568	29107723	chr1_29467212_G_T_rs34181020	0.00387726580107167
616	1	29107568	29107723	chr1_29467269_A_G_rs72873023	0
616	1	29107568	29107723	chr1_29467767_A_G_rs4654355	0.00960791373458669
616	1	29107568	29107723	chr1_29469473_C_G_rs9426363	0.0184567459650545
616	1	29107568	29107723	chr1_29470922_C_G_rs57812575	-0.00820514395581303
616	1	29107568	29107723	chr1_29472610_C_T_rs115053334	0.469520268787184
616	1	29107568	29107723	chr1_29473344_A_T_rs16838290	0
616	1	29107568	29107723	chr1_29473689_C_G_rs72873035	0.00217229629365747
616	1	29107568	29107723	chr1_29474287_A_G_rs185741471	0.532017247363441
616	1	29107568	29107723	chr1_29475395_G_T_rs6685100	0
616	1	29107568	29107723	chr1_29476007_C_G_rs6426362	0
616	1	29107568	29107723	chr1_29477565_A_G_rs12073116	-0.0886070524239
616	1	29107568	29107723	chr1_29477997_C_T_rs61783782	0.0722077243669346
616	1	29107568	29107723	chr1_29479063_G_T_rs6698387	0.738166752904004
616	1	29107568	29107723	chr1_29483163_C_T_rs74067067	-0.0906328642360614
616	1	29107568	29107723	chr1_29485626_C_T_rs147346868	0.00022326236060315
616	1	29107568	29107723	chr1_29486756_A_G_rs11586865	-0.0201972962026981
616	1	29107568	29107723	chr1_29489598_A_T_rs34759825	0.0237341266482921
616	1	29107568	29107723	chr1_29490121_C_G_rs6663081	0
616	1	29107568	29107723	chr1_29492216_C_T_rs6700391	0.0206977394326094
616	1	29107568	29107723	chr1_29493488_C_T_rs113428441	0.233506535957227
616	1	29107568	29107723	chr1_29501286_C_T_rs6664690	0
616	1	29107568	29107723	chr1_29503069_C_T_rs56059569	-0.0344356542064229
616	1	29107568	29107723	chr1_29503117_A_T_rs12723116	0
616	1	29107568	29107723	chr1_29503391_C_T_rs11804126	0
616	1	29107568	29107723	chr1_29509060_A_G_rs191671667	0
616	1	29107568	29107723	chr1_29509264_A_AT_rs538125841	-0.0103154649141764
616	1	29107568	29107723	chr1_29510926_A_G_rs66526372	-0.0864408236178395
616	1	29107568	29107723	chr1_29511037_A_G_rs12064900	0
616	1	29107568	29107723	chr1_29512017_C_T_rs79561331	0
616	1	29107568	29107723	chr1_29514697_C_T_rs77027435	0.00883483312117512
616	1	29107568	29107723	chr1_29517837_C_T_rs74067079	0
616	1	29107568	29107723	chr1_29520847_C_T_rs116827596	0
616	1	29107568	29107723	chr1_29527669_A_G_rs74865853	0
616	1	29107568	29107723	chr1_29529428_A_AT_rs144734160	0.382114993524792
616	1	29107568	29107723	chr1_29531418_A_G_rs6688300	0
616	1	29107568	29107723	chr1_29533101_C_T_rs74548906	0.00137770440424989
616	1	29107568	29107723	chr1_29533145_C_T_rs76593791	0.0594821832895186
616	1	29107568	29107723	chr1_29539734_A_G_rs141917820	0.041602547206763
616	1	29107568	29107723	chr1_29543550_G_T_rs6605086	-0.0554552172773192
616	1	29107568	29107723	chr1_29544312_C_T_rs3934509	0.013242671530194
616	1	29107568	29107723	chr1_29544585_C_T_rs4132920	-0.00548160675700357
616	1	29107568	29107723	chr1_29545668_C_T_rs61763933	0.023325986227868
616	1	29107568	29107723	chr1_29546445_C_G_rs115722072	0.0285374451045315
616	1	29107568	29107723	chr1_29546472_C_T_rs74066611	0
616	1	29107568	29107723	chr1_29547571_A_G_rs75478441	0.0607156923753141
616	1	29107568	29107723	chr1_29547706_C_T_rs35315619	-0.0590999013243388
616	1	29107568	29107723	chr1_29547835_C_T_rs115331925	0.00200322209290149
616	1	29107568	29107723	chr1_29548031_C_T_rs72873070	-0.00403752593270204
616	1	29107568	29107723	chr1_29548256_A_G_rs34405972	0
616	1	29107568	29107723	chr1_29548835_A_G_rs35294772	-0.00982315126190418
616	1	29107568	29107723	chr1_29550298_A_C_rs72652654	0
616	1	29107568	29107723	chr1_29555294_C_T_rs28971242	-0.00876551360103961
616	1	29107568	29107723	chr1_29555482_C_G_rs72652657	0.0916636407943454
616	1	29107568	29107723	chr1_29555554_A_T_rs115192958	0.0104383831424925
616	1	29107568	29107723	chr1_29556118_C_T_rs115522926	0.000636631337753562
616	1	29107568	29107723	chr1_29556890_C_G_rs28733538	0.0148907973355893
616	1	29107568	29107723	chr1_29556998_C_T_rs72652661	0.122701283160746
616	1	29107568	29107723	chr1_29557041_C_T_rs143750613	0
616	1	29107568	29107723	chr1_29557661_A_G_rs74066618	0.00563114134169523
616	1	29107568	29107723	chr1_29557771_C_T_rs35026962	0
616	1	29107568	29107723	chr1_29557838_C_T_rs147384914	0
616	1	29107568	29107723	chr1_29557945_A_G_rs79530354	-0.0453665485180374
616	1	29107568	29107723	chr1_29557970_C_T_rs55643746	0
616	1	29107568	29107723	chr1_29559291_A_G_rs4078349	0.0151192177173475
616	1	29107568	29107723	chr1_29560225_G_T_rs28660298	0.0847525833839792
616	1	29107568	29107723	chr1_29560660_C_T_rs143235435	0.0240406045047757
616	1	29107568	29107723	chr1_29560860_A_C_rs28403161	0
616	1	29107568	29107723	chr1_29561803_C_G_rs141318860	0.123025188031853
616	1	29107568	29107723	chr1_29566296_A_G_rs28409441	0
616	1	29107568	29107723	chr1_29569691_A_G_rs61763944	-0.000913335219125894
616	1	29107568	29107723	chr1_29570972_G_T_rs112453676	0
616	1	29107568	29107723	chr1_29572347_A_C_rs28579947	-0.0124450378175288
616	1	29107568	29107723	chr1_29573485_G_T_rs28774980	0
616	1	29107568	29107723	chr1_29574577_C_T_rs74066692	0
616	1	29107568	29107723	chr1_29577165_C_T_rs.	-0.00600632684679966
616	1	29107568	29107723	chr1_29577665_C_G_rs72652674	0
616	1	29107568	29107723	chr1_29580854_C_T_rs72875917	-0.00172076530079761
616	1	29107568	29107723	chr1_29583884_A_G_rs28689775	0
616	1	29107568	29107723	chr1_29585551_G_GCT_rs35803557	0.00241974518515972
616	1	29107568	29107723	chr1_29586474_C_T_rs80141134	0.0275374204885067
616	1	29107568	29107723	chr1_29589423_A_G_rs140253079	-0.162423841791129
616	1	29107568	29107723	chr1_29591792_G_T_rs74746618	0.226407624601744
616	1	29107568	29107723	chr1_29593204_A_G_rs7544811	0
616	1	29107568	29107723	chr1_29593520_C_T_rs116250574	0
616	1	29107568	29107723	chr1_29594833_A_AGGTGTTGAAG_rs375937582	0
616	1	29107568	29107723	chr1_29597556_C_G_rs9662524	-2.95940477476594e-05
616	1	29107568	29107723	chr1_29598423_C_T_rs915409	-0.0137910555368244
616	1	29107568	29107723	chr1_29598630_G_T_rs.	0
616	1	29107568	29107723	chr1_29598722_A_G_rs74069413	-0.0401984295657035
616	1	29107568	29107723	chr1_29599838_A_G_rs80353233	-0.170822429791144
616	1	29107568	29107723	chr1_29600593_C_T_rs374064161	0.00387903730900914
616	1	29107568	29107723	chr1_29600594_A_G_rs77364103	0.124953677595721
616	1	29107568	29107723	chr1_29601904_C_G_rs.	0.000232771806628575
