pheno_id	num_snps	boosting_iterations_performed	h2_unscaled	r_squared_cv	PopSize
pheno_1	1215	11	0.109449725657319	0.741097485284546	1000
pheno_2	543	11	0.141358166952316	0.584133010269305	1000
pheno_3	5297	11	0.273691115006144	0.97971848349094	1000
pheno_4	3213	11	0.265881182650876	0.95090630467642	1000
pheno_5	2570	11	0.245560160291266	0.937396328264896	1000
pheno_6	1711	11	0.108960795712218	0.83721601590279	1000
pheno_7	987	11	0.291726098350163	0.670066075763291	1000
pheno_8	1417	11	0.101246584395927	0.780571547583777	1000
pheno_9	6867	11	0.249662909268371	0.991105112627217	1000
pheno_10	1492	11	0.157464262823127	0.762374674599743	1000
pheno_11	1918	11	0.474108692961257	0.828193804289154	1000
pheno_12	1668	11	0.250792971886552	0.809259256514929	1000
pheno_13	3942	11	0.235695588121281	0.947607581348495	1000
pheno_14	2067	11	0.258292024796152	0.875630343246542	1000
pheno_15	3943	11	0.272790179062698	0.932654193608348	1000
pheno_16	6790	11	0.266067285171761	0.995265804277917	1000
pheno_17	5112	11	0.266112687258665	0.967256592277475	1000
pheno_18	2240	11	0.482490294907595	0.86864811431999	1000
pheno_19	3646	18	0.273974124245308	0.956130607557657	1000
pheno_20	5052	11	0.243505850434836	0.981434400862317	1000
pheno_21	1579	11	0.214571657228942	0.820330362369243	1000
pheno_22	2971	11	0.252275898750768	0.940114229712407	1000
pheno_23	2909	11	0.279243020426766	0.939988700210364	1000
pheno_24	6280	11	0.262247130970063	0.970255307972402	1000
pheno_25	5516	12	0.26750326835337	0.959002025335926	1000
pheno_26	2869	11	0.276285423894508	0.926866713590793	1000
pheno_27	2980	16	0.482931004927509	0.900718139458411	1000
pheno_28	1720	11	0.287711203236206	0.850551266187493	1000
pheno_29	2917	11	0.275615068843195	0.955849907954404	1000
pheno_30	3464	16	0.262456320595967	0.977349141486207	1000
pheno_31	6210	11	0.257621126792515	0.97109270222584	1000
pheno_32	129	11	0.033110297959539	0.184139828823066	1000
pheno_33	3056	14	0.274338505737021	0.909829981435208	1000
pheno_34	7595	11	0.259272890189429	0.994052770179238	1000
pheno_35	453	11	0.171658660321908	0.55623859760743	1000
pheno_36	1844	11	0.180590834953751	0.864656829532031	1000
pheno_37	3583	11	0.276990388731748	0.974431364734816	1000
pheno_38	4015	13	0.273448026363114	0.966948848049033	1000
pheno_39	5154	11	0.262789737787427	0.984243615353579	1000
pheno_40	2931	11	0.248781065639354	0.933024024192189	1000
pheno_41	5337	16	0.270211584718372	0.988563544138612	1000
pheno_42	1576	11	0.209797561400599	0.815292718538351	1000
pheno_43	4948	11	0.264355106461265	0.982123075060962	1000
pheno_44	2889	11	0.272658844075563	0.917578449533035	1000
pheno_45	2725	11	0.230270780277507	0.920469974739396	1000
pheno_46	3640	11	0.277612710748244	0.931777894910219	1000
pheno_47	423	11	0.451917728073139	0.708638347920215	1000
pheno_48	2749	11	0.655097506831648	0.881345549335816	1000
pheno_49	3411	11	0.246102273040753	0.91393162918613	1000
pheno_50	2559	11	0.263912969062261	0.919449823590831	1000
pheno_51	1491	11	0.110310571973875	0.809092785962398	1000
pheno_52	8058	11	0.248444778555718	0.995750687093879	1000
pheno_53	3972	16	0.232999074109278	0.966742248556453	1000
pheno_54	698	16	0.024782195409305	0.573486443199924	1000
pheno_55	2151	11	0.256352918126539	0.891598653695863	1000
pheno_56	1528	11	0.107390540452033	0.818021873347572	1000
pheno_57	1364	13	0.55997819066797	0.78284386233349	1000
pheno_58	2952	11	0.225657190109539	0.934018619085407	1000
pheno_59	1453	11	0.130530247089363	0.794176996677127	1000
pheno_60	2515	11	0.229029800281733	0.910309858069787	1000
pheno_61	5805	11	0.277935377645117	0.99219027831862	1000
pheno_62	3580	11	0.227987937491228	0.964096972252239	1000
pheno_63	2188	11	0.253565174276812	0.897357760757807	1000
pheno_64	1556	11	0.10632396213275	0.819930977800623	1000
pheno_65	3478	11	0.262693440336068	0.975481013771227	1000
pheno_66	8744	11	0.264157338317698	0.997357608932746	1000
pheno_67	959	11	0.177983015333794	0.715651839233163	1000
pheno_68	5050	11	0.260469708556296	0.985263756974166	1000
pheno_69	1344	11	0.166005649816779	0.803434292160848	1000
pheno_70	906	11	0.0742391430569095	0.675085697890137	1000
pheno_71	519	11	0.0785098180626009	0.528862830609932	1000
pheno_72	2865	11	0.263972175773789	0.892824836563638	1000
pheno_73	4093	11	0.521852153788463	0.936257484323477	1000
pheno_74	3152	11	0.246259145851134	0.961859652909344	1000
pheno_75	4016	11	0.416379416620682	0.923853555718717	1000
pheno_76	3510	11	0.278086073080608	0.975646172493234	1000
pheno_77	3363	11	0.26006631694796	0.921981118193378	1000
pheno_78	1004	12	0.557127645190803	0.736718713546157	1000
pheno_79	1577	15	0.204436738334584	0.77493435998822	1000
pheno_80	1164	11	0.125226105626771	0.723499622723351	1000
pheno_81	1348	11	0.177059128863213	0.766671443527445	1000
pheno_82	3359	11	0.236907221070047	0.970733519870727	1000
pheno_83	6161	11	0.531867989499924	0.964463567219016	1000
pheno_84	5982	16	0.279752467263147	0.969707652915252	1000
pheno_85	1825	11	0.272290782105141	0.856359929140871	1000
pheno_86	3286	11	0.286604548172683	0.969522750153816	1000
pheno_87	1006	11	0.564255314627466	0.745397700696821	1000
pheno_88	1150	11	0.0941989406949625	0.713121246096143	1000
pheno_89	6493	11	0.263622053920985	0.988274958425533	1000
pheno_90	2892	11	0.253680405608905	0.952518508565327	1000
pheno_91	3118	11	0.264403712969801	0.956301088942027	1000
pheno_92	5070	11	0.427438676986423	0.957968355587286	1000
pheno_93	4089	11	0.256008526327585	0.967219631629867	1000
pheno_94	3178	11	0.270551615593816	0.968055289956687	1000
pheno_95	4025	11	0.254978824453592	0.928433926585195	1000
pheno_96	1145	11	0.0160231211369372	0.719468105431007	1000
pheno_97	879	14	0.733927087078304	0.745972809689073	1000
pheno_98	6496	11	0.254142375271252	0.987807084792266	1000
pheno_99	3138	11	0.235772465753653	0.964674764964063	1000
pheno_100	2301	11	0.267219923657039	0.911875247094678	1000
pheno_101	6580	11	0.283070830806275	0.976154232255492	1000
pheno_102	1776	11	0.239258735832329	0.837447228294025	1000
pheno_103	1538	11	0.459898191653061	0.79422746106488	1000
pheno_104	5210	11	0.252659383302748	0.975632888338254	1000
pheno_105	1845	11	0.256702242523107	0.877708939337319	1000
pheno_106	1196	12	0.215146558856871	0.714351419317233	1000
pheno_107	2646	11	0.240565655589904	0.948656501900745	1000
pheno_108	1178	11	0.132243157222971	0.734129357099203	1000
pheno_109	3304	11	0.251665715227921	0.921990233104037	1000
pheno_110	1635	11	0.158699395113362	0.828334139997338	1000
pheno_111	9862	11	0.248606527937097	0.998229208597504	1000
pheno_112	999	11	0.177093023040275	0.69897523506663	1000
pheno_113	2071	11	0.263942678780257	0.863420086688521	1000
pheno_114	4068	11	0.240348458249382	0.951108187800333	1000
pheno_115	889	11	0.0644149217327724	0.658276410281519	1000
pheno_116	5491	12	0.262917545621082	0.992076007268679	1000
pheno_117	5031	11	0.274032678264865	0.988937267912344	1000
pheno_118	3604	11	0.455094475178801	0.914802126214273	1000
pheno_119	3122	11	0.270420956984614	0.893820073461866	1000
pheno_120	980	11	0.635216988370645	0.752357527328492	1000
pheno_121	3027	11	0.258275672461228	0.909372774431123	1000
pheno_122	2679	11	0.252196976734158	0.95149293761213	1000
pheno_123	1176	11	0.723570451671699	0.787944060522456	1000
pheno_124	2847	11	0.246000861936645	0.936251643825222	1000
pheno_125	2221	11	0.22439397374146	0.897789989824262	1000
pheno_126	1440	11	0.269143740078125	0.813667347915069	1000
pheno_127	3121	11	0.243520635496135	0.959315456284868	1000
pheno_128	3629	11	0.282115902087023	0.978953344054059	1000
pheno_129	2153	11	0.285572528270457	0.900486721935515	1000
pheno_130	2744	11	0.218137918588057	0.9313738806519	1000
pheno_131	2617	11	0.277945857094847	0.946644778123704	1000
pheno_132	2707	11	0.264119384698148	0.93123742951713	1000
pheno_133	3784	11	0.245629005177878	0.975960717788004	1000
pheno_134	1461	11	0.0637606495863666	0.802450085766947	1000
pheno_135	3724	11	0.274686097084562	0.956614382080626	1000
pheno_136	8486	11	0.249328278377004	0.991780328185306	1000
pheno_137	2067	11	0.227476316138376	0.892985624744577	1000
pheno_138	1239	11	0.071369283837551	0.736401153239355	1000
pheno_139	2295	11	0.275783317758392	0.931630194455848	1000
pheno_140	2872	11	0.236787683485546	0.931967963206826	1000
pheno_141	2853	11	0.252806963321752	0.953784765916852	1000
pheno_142	5456	11	0.295344201953527	0.96295749929618	1000
pheno_143	3799	11	0.25376508922364	0.940518747373087	1000
pheno_144	4665	11	0.268148848338258	0.981308972893981	1000
pheno_145	1717	11	0.259604495148617	0.794984990222132	1000
pheno_146	3796	14	0.464876196194439	0.930457566514677	1000
pheno_147	3439	11	0.244763669175977	0.956880642324972	1000
pheno_148	3200	11	0.23656639061239	0.941632588830577	1000
pheno_149	1495	11	0.249033739892987	0.789611123882415	1000
pheno_150	1102	11	0.387619105272597	0.723971760423338	1000
pheno_151	3994	11	0.279396121127286	0.977436346508309	1000
pheno_152	5218	11	0.233294622290208	0.990934843165408	1000
pheno_153	3391	11	0.253536841203313	0.941128235644454	1000
pheno_154	1487	11	0.140255198732642	0.781078887516278	1000
pheno_155	1127	11	0.385132754837475	0.738119784403284	1000
pheno_156	3136	11	0.269043157094372	0.944577367130689	1000
pheno_157	702	11	0.169483743015409	0.614871546221	1000
pheno_158	1156	11	0.0465557463230419	0.739096883835342	1000
pheno_159	1065	11	0.114360513952073	0.710209867397781	1000
pheno_160	2081	11	0.287028680788102	0.886132317937113	1000
pheno_161	1929	11	0.2596090062478	0.892367112174415	1000
pheno_162	838	11	0.0244938169754898	0.650694316734814	1000
pheno_163	7441	11	0.274537762336726	0.996871957315928	1000
pheno_164	1038	11	0.223827280397049	0.730510532420569	1000
pheno_165	1582	11	0.256324652912241	0.832018774413111	1000
pheno_166	4162	12	0.237342780491334	0.964174738364123	1000
pheno_167	4535	13	0.270364045591533	0.985718649413935	1000
pheno_168	4223	11	0.280191562062644	0.978271200538752	1000
pheno_169	1078	11	0.107660475947053	0.696312707675427	1000
pheno_170	1379	11	0.0892441963225322	0.778536896543542	1000
pheno_171	1659	11	0.0879985740845809	0.821338202936319	1000
pheno_172	3869	11	0.25306431190939	0.980630814022317	1000
pheno_173	731	11	0.0687824848628715	0.593689382790372	1000
pheno_174	2696	15	0.259290557248245	0.934545683616176	1000
pheno_175	2848	11	0.249362894263407	0.953409525797564	1000
pheno_176	6793	11	0.273360805669264	0.995805305405484	1000
pheno_177	1918	11	0.209349149521601	0.8814956773635	1000
pheno_178	4480	14	0.272300196849893	0.982466920246463	1000
pheno_179	2686	11	0.247949766848483	0.888377365865148	1000
pheno_180	6458	11	0.278156976362445	0.994438024930905	1000
pheno_181	2184	11	0.263008177236663	0.927889538561721	1000
pheno_182	5214	11	0.253740279031734	0.977055016890113	1000
pheno_183	2608	11	0.278175385112696	0.872186078983492	1000
pheno_184	2810	11	0.260363981849516	0.940086534836834	1000
pheno_185	5277	16	0.274548141318427	0.988167655491825	1000
pheno_186	2333	11	0.246048940670943	0.902846826358093	1000
pheno_187	2393	11	0.244613569056946	0.914789028179729	1000
pheno_188	1298	11	0.0898325758568826	0.755115557371549	1000
pheno_189	112	11	0.0670753256317228	0.22444755076975	1000
pheno_190	849	11	0.115858258586219	0.631661961330068	1000
pheno_191	860	11	0.144524485073352	0.64574959296015	1000
pheno_192	1673	11	0.301595495722336	0.879271875769336	1000
pheno_193	4331	11	0.251992544560817	0.980783320044141	1000
pheno_194	3629	14	0.240520190706105	0.955520959996163	1000
pheno_195	6699	11	0.27750247714	0.988022717549702	1000
pheno_196	9936	11	0.245093883435097	0.994678443083141	1000
pheno_197	3432	11	0.227215794857508	0.953717419495042	1000
pheno_198	4227	11	0.260584289902718	0.969624847643636	1000
pheno_199	6589	11	0.261556750924741	0.995121663107035	1000
pheno_200	1481	11	0.268386207884981	0.824355067001948	1000
pheno_201	794	11	0.0604803689701028	0.618670031600899	1000
pheno_202	1395	11	0.250536835947359	0.811811175774151	1000
pheno_203	2420	11	0.237530822962593	0.9005980678656	1000
pheno_204	3971	11	0.236122705936303	0.974887014788259	1000
pheno_205	4862	11	0.544675720513358	0.957452596490607	1000
pheno_206	1557	11	0.115224616864923	0.825745490699284	1000
pheno_207	1651	11	0.448808467801413	0.807950871329964	1000
pheno_208	2174	11	0.232471281679398	0.854894142635751	1000
pheno_209	6995	11	0.272498934875131	0.984923862728422	1000
pheno_210	2261	11	0.237212165271513	0.903338668896076	1000
pheno_211	2754	11	0.254486716712126	0.936910561064975	1000
pheno_212	4379	11	0.267656907028646	0.97018605695052	1000
pheno_213	2329	11	0.265835648646355	0.894532601620312	1000
pheno_214	1362	11	0.147601508171087	0.784646582829529	1000
pheno_215	2424	11	0.273577917291788	0.914019749191749	1000
pheno_216	4558	11	0.274336276705266	0.968862174619214	1000
pheno_217	344	11	0.0195050824446561	0.374161359958043	1000
pheno_218	6592	11	0.272647994628289	0.992287191720414	1000
pheno_219	2949	11	0.251325986201531	0.933705472823505	1000
pheno_220	2666	11	0.256123692073457	0.9352748444467	1000
pheno_221	5305	11	0.249004669014345	0.990220167316112	1000
pheno_222	1637	11	0.13764604032065	0.821752959643036	1000
pheno_223	2106	11	0.260156302569706	0.906643661510062	1000
pheno_224	936	11	0.0599236794039803	0.67026833640659	1000
pheno_225	4048	13	0.268887988794325	0.982834300489025	1000
pheno_226	5102	11	0.257549031011452	0.982185176139029	1000
pheno_227	458	11	0.0440259968523447	0.437491310882116	1000
pheno_228	1380	11	0.274611395388247	0.83256238268069	1000
pheno_229	2193	11	0.261168853738327	0.924047847537683	1000
pheno_230	1115	11	0.0453424759900695	0.722663963186853	1000
pheno_231	3300	11	0.268636990246595	0.947150946259871	1000
pheno_232	1609	11	0.170301339379761	0.856261040182377	1000
pheno_233	183	11	0.0979590340750532	0.325539147878282	1000
pheno_234	2874	11	0.235499836408911	0.961262706847254	1000
pheno_235	2999	11	0.251150755277867	0.957310072568786	1000
pheno_236	1406	11	0.161557779357881	0.797131620049927	1000
pheno_237	1348	11	0.241933598334857	0.831010134548945	1000
pheno_238	5015	11	0.257376366458269	0.968612080304405	1000
pheno_239	3166	11	0.236035320551414	0.949341570206762	1000
pheno_240	1629	11	0.255593656886052	0.802974210991736	1000
pheno_241	1704	11	0.186173730104739	0.842947943275418	1000
pheno_242	622	11	0.0365583563546559	0.537520943090175	1000
pheno_243	3256	11	0.262220724681889	0.966787885980345	1000
pheno_244	879	11	0.662394269056064	0.74572791285341	1000
pheno_245	35	11	0.63532147936707	0.684804677325781	1000
pheno_246	3271	11	0.256254251535864	0.952555173196983	1000
pheno_247	1934	11	0.293391989965898	0.874602600658084	1000
pheno_248	2753	11	0.24550806869247	0.914927882583707	1000
pheno_249	2968	11	0.241167529865325	0.948064274604388	1000
pheno_250	1790	11	0.267812725462913	0.805804663288698	1000
pheno_251	5129	11	0.274238596218178	0.989173860249394	1000
pheno_252	7543	11	0.262132863611363	0.984950594283203	1000
pheno_253	884	11	0.0715146238948416	0.661850295723809	1000
pheno_254	4825	11	0.241192350386071	0.960150920209976	1000
pheno_255	2882	11	0.278758695589557	0.88278976292841	1000
pheno_256	2421	11	0.175601667985941	0.899879844719825	1000
pheno_257	2814	11	0.259595236813202	0.951872468243551	1000
pheno_258	2491	11	0.249207484787273	0.925984512990871	1000
pheno_259	3067	11	0.252210456830641	0.951672446910555	1000
pheno_260	2806	11	0.2605022312676	0.947147577188822	1000
pheno_261	1521	11	0.252618527656806	0.799426186261824	1000
pheno_262	12282	11	0.24289042790761	0.999165923069509	1000
pheno_263	6624	11	0.289014092062289	0.994822222477405	1000
pheno_264	1469	11	0.551733786733592	0.790775534055046	1000
pheno_265	3044	11	0.604154176992674	0.901903798892977	1000
pheno_266	2351	11	0.149000201840301	0.918947658015309	1000
pheno_267	3679	11	0.256650615519464	0.980742735984347	1000
pheno_268	2241	11	0.27183367956811	0.903663187718941	1000
pheno_269	2464	11	0.238145955064921	0.922403267897921	1000
pheno_270	2658	11	0.130308219461917	0.89639594426262	1000
pheno_271	7194	11	0.284430401715749	0.980987585075063	1000
pheno_272	2344	11	0.256354392934437	0.900429239261456	1000
pheno_273	246	11	0.0197891330706025	0.292101398733645	1000
pheno_274	2935	11	0.241351915637123	0.943330136546811	1000
pheno_275	7963	11	0.257718682629488	0.99705669854518	1000
pheno_276	4379	11	0.251985002193519	0.976184114248811	1000
pheno_277	4544	11	0.287025498378631	0.970638306822803	1000
pheno_278	3361	11	0.244224950687331	0.966692577875563	1000
pheno_279	2784	11	0.275608947604244	0.946094255874305	1000
pheno_280	4826	11	0.249537243456945	0.981856071633387	1000
pheno_281	11381	11	0.249724192961951	0.999020609222387	1000
pheno_282	2420	11	0.236670943571985	0.931014683858896	1000
pheno_283	3054	11	0.243610658083435	0.917021323976857	1000
pheno_284	1770	11	0.485903902152358	0.819962128106903	1000
pheno_285	3249	11	0.225138641226459	0.951921952468411	1000
pheno_286	2578	11	0.285728075258466	0.94119282101749	1000
pheno_287	3943	11	0.237619635706753	0.970915512834106	1000
pheno_288	4349	11	0.269022765795408	0.943624167206091	1000
pheno_289	2753	11	0.226981589015231	0.903910548455789	1000
pheno_290	3872	11	0.258696222564467	0.968004182521199	1000
pheno_291	3938	14	0.225730482968714	0.964657516729285	1000
pheno_292	8474	11	0.255422520877874	0.996301636437071	1000
pheno_293	4150	11	0.227604125328113	0.971535686247131	1000
pheno_294	2809	11	0.306264785963552	0.902206789084449	1000
pheno_295	5041	13	0.255758535431161	0.969078041532626	1000
pheno_296	6618	11	0.292717744724985	0.969541340886073	1000
pheno_297	2797	11	0.246088529889092	0.924250108733579	1000
pheno_298	4173	11	0.263436905380284	0.984064516069118	1000
pheno_299	2331	11	0.244081107411267	0.886019348612043	1000
pheno_300	4214	11	0.23988929714415	0.967521652697355	1000
pheno_301	5913	11	0.263303249418664	0.988206751063953	1000
pheno_302	346	11	0.0846750801038141	0.458602677336888	1000
pheno_303	1284	11	0.197829088881772	0.734214928172106	1000
pheno_304	4266	11	0.26991587529756	0.975617633086274	1000
pheno_305	5231	11	0.275121333307015	0.988474703355214	1000
pheno_306	8697	11	0.25790302693313	0.992823875520394	1000
pheno_307	2004	11	0.281571283916593	0.922485747399715	1000
pheno_308	2030	11	0.289733933433361	0.889795998766254	1000
pheno_309	2673	11	0.257922423349354	0.938821111909072	1000
pheno_310	4708	11	0.265195177359541	0.949845035800046	1000
pheno_311	1600	11	0.244256947308438	0.812102436691686	1000
pheno_312	1655	11	0.253494335363771	0.842333642265448	1000
pheno_313	2480	11	0.240552493502298	0.897654663020598	1000
pheno_314	2166	11	0.265986777992735	0.928375916860764	1000
pheno_315	679	11	0.0745862792793666	0.585861653063681	1000
pheno_316	3951	11	0.261170263230211	0.972206404222506	1000
pheno_317	6364	11	0.288060446253904	0.972711756721587	1000
pheno_318	2657	11	0.255921911915052	0.891129361730942	1000
pheno_319	3934	13	0.272272487637111	0.947145771564911	1000
pheno_320	2275	11	0.276266765979889	0.93118640726099	1000
pheno_321	2953	11	0.235917004826721	0.925606934406061	1000
pheno_322	3021	11	0.271334768033106	0.960113274964809	1000
pheno_323	540	11	0.414182448200956	0.740152544771882	1000
pheno_324	1169	11	0.668087721193326	0.76872373175739	1000
pheno_325	4558	11	0.26868483803985	0.958022884717867	1000
pheno_326	9855	11	0.259622109953909	0.998365216656879	1000
pheno_327	1197	11	0.285276347824895	0.762313993598173	1000
pheno_328	947	11	0.0288704688454057	0.643822278887588	1000
pheno_329	2147	11	0.279196777096807	0.908476837985057	1000
pheno_330	740	11	0.0826049199646739	0.649811009578185	1000
pheno_331	7164	11	0.283563262473968	0.996447942347703	1000
pheno_332	3290	13	0.245603701874294	0.958385874517639	1000
pheno_333	3356	14	0.263445117724899	0.971092675705563	1000
pheno_334	59	11	0.0606275487205928	0.139230897320828	1000
pheno_335	1571	13	0.332251709961569	0.779165272564459	1000
pheno_336	2395	11	0.532255594684103	0.87278174975261	1000
pheno_337	915	11	0.231471739380176	0.689302159500863	1000
pheno_338	5558	11	0.279546024418819	0.966842840169431	1000
pheno_339	2775	11	0.268109379125283	0.944336227415067	1000
pheno_340	2281	11	0.260577409308256	0.862517277326466	1000
pheno_341	3001	11	0.273182241864257	0.96111891409222	1000
pheno_342	2858	11	0.216394331286552	0.933417856663088	1000
pheno_343	2309	11	0.491628638250114	0.854135105999745	1000
pheno_344	2089	11	0.258525607802121	0.837792362196945	1000
pheno_345	2053	11	0.248126786598206	0.875253725991956	1000
pheno_346	947	11	0.0242898138341818	0.660440639555756	1000
pheno_347	992	11	0.0406694010667377	0.704927180337353	1000
pheno_348	2429	11	0.247360915299374	0.932498485885984	1000
pheno_349	7906	11	0.268980253517504	0.994031149075262	1000
pheno_350	1707	11	0.235463996147306	0.831432915491982	1000
pheno_351	2015	11	0.171396394918092	0.916687414851288	1000
pheno_352	1861	11	0.111557265986752	0.841998973323609	1000
pheno_353	2145	11	0.264639860103203	0.870897736944075	1000
pheno_354	517	11	0.0308747035203643	0.49951691304811	1000
pheno_355	662	11	0.127428756117695	0.59585801293109	1000
pheno_356	2933	11	0.271331422868902	0.918568923722271	1000
pheno_357	2356	11	0.258783909241978	0.922361619713402	1000
pheno_358	3129	11	0.277796663104344	0.961325398680427	1000
pheno_359	3105	11	0.233201648856755	0.963659386839097	1000
pheno_360	3929	11	0.27391028572515	0.978388171643011	1000
pheno_361	2934	11	0.287132922760395	0.956261066075745	1000
pheno_362	3668	11	0.277248992973875	0.975403421634416	1000
pheno_363	170	11	0.0212361863545049	0.21381606883745	1000
pheno_364	2219	11	0.235826638925822	0.87855615616262	1000
pheno_365	1892	11	0.258653202766827	0.831973122108476	1000
pheno_366	4761	11	0.280641648205751	0.953108419014853	1000
pheno_367	1096	11	0.0964491850402958	0.678278007955412	1000
pheno_368	277	11	0.246042861136087	0.512870367903433	1000
pheno_369	2700	11	0.518148173920226	0.889065884289149	1000
pheno_370	2555	11	0.475450951728604	0.882059506784178	1000
pheno_371	2417	11	0.257495239372169	0.860811762436981	1000
pheno_372	265	11	0.55160066692156	0.710866602087246	1000
pheno_373	1209	11	0.194089434666366	0.751242010539668	1000
pheno_374	7342	14	0.258722638788164	0.984372919455565	1000
pheno_375	1878	11	0.155168108605281	0.866399688508017	1000
pheno_376	4943	11	0.280483482764429	0.987090374675265	1000
pheno_377	4533	11	0.257556283023574	0.977754044987521	1000
pheno_378	2695	11	0.226735485556242	0.922825572877181	1000
pheno_379	2910	11	0.242750758124746	0.931018204718281	1000
pheno_380	2911	11	0.22547545311765	0.887762200459987	1000
pheno_381	992	11	0.128547017603478	0.714578959758058	1000
pheno_382	1606	11	0.277585080633141	0.816133481354395	1000
pheno_383	2886	11	0.251040181166342	0.941634327998697	1000
pheno_384	3603	11	0.249035518311511	0.960849873025918	1000
pheno_385	6010	11	0.259485837660804	0.991073741545517	1000
pheno_386	1269	11	0.137023521981116	0.780334243898339	1000
pheno_387	1135	11	0.041742473542875	0.729445819185567	1000
pheno_388	2488	11	0.228039620189612	0.921400885114044	1000
pheno_389	1577	11	0.153754760024903	0.805888741244461	1000
pheno_390	3340	11	0.233958858330192	0.962943775776771	1000
pheno_391	3560	12	0.258717428587358	0.931532341363146	1000
pheno_392	930	11	0.0326206752606488	0.653948455878015	1000
pheno_393	1469	11	0.1151098962687	0.805726003369902	1000
pheno_394	4443	11	0.269443988325582	0.971467299405215	1000
pheno_395	3436	16	0.260407576604256	0.97070424215917	1000
pheno_396	4491	16	0.257889264708357	0.952303777537767	1000
pheno_397	292	11	0.0892995353852703	0.40449633883498	1000
pheno_398	5205	11	0.268679992840242	0.981437727555568	1000
pheno_399	6667	19	0.268099494397542	0.995945554448294	1000
pheno_400	2145	11	0.258437585271067	0.897848764429611	1000
pheno_401	3252	11	0.507966337556492	0.903342264578866	1000
pheno_402	2757	11	0.243012968434154	0.93712950496181	1000
pheno_403	4842	11	0.267140832185826	0.987084905046617	1000
pheno_404	4026	11	0.248302835192207	0.969168210976451	1000
pheno_405	2862	11	0.248184067858104	0.94994057932621	1000
pheno_406	1868	11	0.229895703590063	0.875406457076949	1000
pheno_407	1928	11	0.284032919521279	0.839839572465738	1000
pheno_408	3272	11	0.252602157713928	0.96590943452758	1000
pheno_409	1461	11	0.288595439459887	0.794917004985067	1000
pheno_410	1285	11	0.0948639226864472	0.78484393848974	1000
pheno_411	5851	11	0.276703082865136	0.95617220388455	1000
pheno_412	1909	11	0.638865220454569	0.838325217502726	1000
pheno_413	3420	11	0.277296655079466	0.917710810627182	1000
pheno_414	1869	11	0.227871807292076	0.861965292775756	1000
pheno_415	1261	11	0.095521702147457	0.785790619417728	1000
pheno_416	1119	11	0.100854193317516	0.704816194798472	1000
pheno_417	3352	11	0.227247139953951	0.961146631896915	1000
pheno_418	4397	11	0.260578455548472	0.960693626903187	1000
pheno_419	2153	11	0.18385003044384	0.876309910947311	1000
pheno_420	2260	11	0.294540818918275	0.91658547197601	1000
pheno_421	2376	11	0.292414232631811	0.876681103733487	1000
pheno_422	4349	11	0.262254285365474	0.936812609947617	1000
pheno_423	1076	11	0.136560369508285	0.705975208523495	1000
pheno_424	3742	11	0.265217013702036	0.934577850447073	1000
pheno_425	4989	11	0.278971083099293	0.982368111563877	1000
pheno_426	2042	11	0.242834736781257	0.849388549439103	1000
pheno_427	1843	11	0.101434232908658	0.860819192017841	1000
pheno_428	2020	11	0.242613184153387	0.912709066780195	1000
pheno_429	2080	11	0.2398125657112	0.885008460249541	1000
pheno_430	2336	11	0.235925881600089	0.919327835983123	1000
pheno_431	6052	11	0.280001648592077	0.991420006035596	1000
pheno_432	5185	11	0.260017371442377	0.988843697434346	1000
pheno_433	3270	11	0.244101907136714	0.970292660651492	1000
pheno_434	5774	11	0.259185484040957	0.970777836721994	1000
pheno_435	4233	11	0.27191331772885	0.961999013074129	1000
pheno_436	1213	11	0.119696559398545	0.757165419874925	1000
pheno_437	5303	12	0.25575706503779	0.975076918933105	1000
pheno_438	2942	11	0.240050550224198	0.926308388385246	1000
pheno_439	1482	11	0.0974003436407802	0.824742273616374	1000
pheno_440	2748	11	0.499701635638501	0.893987698698642	1000
pheno_441	6030	11	0.276921939785591	0.989200182791797	1000
pheno_442	4065	12	0.24725175049712	0.980939834078749	1000
pheno_443	1359	11	0.199213984714094	0.784510350232204	1000
pheno_444	3329	11	0.234542058642005	0.971726335979236	1000
pheno_445	2459	11	0.229810869956215	0.893927037766951	1000
pheno_446	5082	11	0.228929139974416	0.955688153162289	1000
pheno_447	2436	11	0.28405921734115	0.936447100795033	1000
pheno_448	5349	11	0.294051059097858	0.962067095806437	1000
pheno_449	2737	11	0.275945981931752	0.921243673757403	1000
pheno_450	2778	11	0.270327495582664	0.886975592973139	1000
pheno_451	11041	11	0.240914560703496	0.998874033308408	1000
pheno_452	2366	11	0.258059109208909	0.937630570424711	1000
pheno_453	2605	11	0.242575780282414	0.909541163780741	1000
pheno_454	2059	11	0.267273804293602	0.879699967934091	1000
pheno_455	3376	11	0.4747860143168	0.912647485116933	1000
pheno_456	1390	11	0.354153379424153	0.761594562395002	1000
pheno_457	1665	11	0.270825969745176	0.851475658549219	1000
pheno_458	7613	11	0.262042025267209	0.996623720724468	1000
pheno_459	3688	11	0.380910199879869	0.912077559436143	1000
pheno_460	1717	11	0.240663920296083	0.836780413402799	1000
pheno_461	3237	11	0.247132769089028	0.91384989186766	1000
pheno_462	1863	11	0.248790111213827	0.862631635469762	1000
pheno_463	2581	11	0.234190687919044	0.927777247591306	1000
pheno_464	5670	11	0.247160407887504	0.986672988468586	1000
pheno_465	5255	11	0.261500599411254	0.989086571483366	1000
pheno_466	916	11	0.235212143162665	0.67438820174461	1000
pheno_467	1153	11	0.0669161968232079	0.7386329414087	1000
pheno_468	5172	11	0.481309054032511	0.958836792279628	1000
pheno_469	3730	11	0.260431873474747	0.978651011565552	1000
pheno_470	3906	16	0.28414861068042	0.9264099940601	1000
pheno_471	2810	11	0.670968598708898	0.892584747994542	1000
pheno_472	7108	11	0.277508206872171	0.995787812761286	1000
pheno_473	3651	11	0.233699204866345	0.956878170912748	1000
pheno_474	3008	11	0.243636308731228	0.963591337091784	1000
pheno_475	2198	11	0.274768216762776	0.916053291150934	1000
pheno_476	4636	16	0.254943998588083	0.943567120188824	1000
pheno_477	2574	11	0.263551358697269	0.945386692115538	1000
pheno_478	7139	11	0.256308614899755	0.990639773328917	1000
pheno_479	2212	11	0.300322560306581	0.906224467821168	1000
pheno_480	928	11	0.0449693342026739	0.678096696817691	1000
pheno_481	3007	11	0.266403038879582	0.957550158523502	1000
pheno_482	3345	11	0.271579131447831	0.949606340690717	1000
pheno_483	3014	11	0.2135347838506	0.933917262360592	1000
pheno_484	3005	11	0.268933889727516	0.930772334831825	1000
pheno_485	3204	11	0.611562398195999	0.90228835253413	1000
pheno_486	507	11	0.0825114248636174	0.514441369888085	1000
pheno_487	1071	11	0.0671639798164296	0.705626321825639	1000
pheno_488	4753	14	0.248249645434515	0.986244609371686	1000
pheno_489	2303	11	0.263405350493577	0.920040959786977	1000
pheno_490	1255	11	0.134530466096622	0.784804520693331	1000
pheno_491	2736	11	0.244756455524503	0.937425506060543	1000
pheno_492	2059	11	0.293108899254829	0.901282737117704	1000
pheno_493	5554	11	0.290386076385896	0.982550602109548	1000
pheno_494	1321	11	0.244772744224663	0.797444961802858	1000
pheno_495	2874	11	0.268670843597353	0.886928064181888	1000
pheno_496	7817	11	0.268334989228557	0.996780079602459	1000
pheno_497	479	11	0.0601239691542792	0.493580427164548	1000
pheno_498	3433	11	0.235701569606878	0.9529994805451	1000
pheno_499	8318	11	0.256277184034079	0.996394672392736	1000
pheno_500	3310	11	0.247567138196644	0.947549541764135	1000
pheno_501	3632	11	0.238851819945021	0.965130333067124	1000
pheno_502	610	11	0.0734865767159827	0.550046340014113	1000
pheno_503	4006	11	0.256812936370518	0.957227651708089	1000
pheno_504	1622	11	0.431985814476737	0.791180661257906	1000
pheno_505	4964	11	0.310435285005695	0.948887729557768	1000
pheno_506	2908	11	0.25780086430382	0.932113929376611	1000
pheno_507	4279	11	0.267355237478826	0.98152593234483	1000
pheno_508	3330	11	0.24294687495854	0.946334324860398	1000
pheno_509	5275	11	0.301512174717133	0.961193433275423	1000
pheno_510	3735	14	0.263563454345241	0.958722518275912	1000
pheno_511	8240	11	0.264824623384678	0.997423022098579	1000
pheno_512	2293	11	0.282429061777559	0.903409256641831	1000
pheno_513	611	11	0.580130625058759	0.814652874896817	1000
pheno_514	3164	11	0.25195886153782	0.969551682235578	1000
pheno_515	1784	11	0.479963107868356	0.824255359039903	1000
pheno_516	4670	11	0.256096246089994	0.988034840294339	1000
pheno_517	3665	11	0.701848012907387	0.925237615994457	1000
pheno_518	1849	11	0.242289643773287	0.856684199494065	1000
pheno_519	3286	11	0.264379373568282	0.96073786048312	1000
pheno_520	8222	11	0.258709165674915	0.988702900938058	1000
pheno_521	1797	11	0.274218088315809	0.857967214291744	1000
pheno_522	1310	11	0.229176300183143	0.753441795012655	1000
pheno_523	7856	11	0.25051448034785	0.995128599259825	1000
pheno_524	1459	11	0.178354183710804	0.830678395248606	1000
pheno_525	5476	12	0.239003186782803	0.980297175465771	1000
pheno_526	1132	11	0.068638274097028	0.737192274079115	1000
pheno_527	5249	11	0.271053475063673	0.987019065385754	1000
pheno_528	2672	11	0.238590988121033	0.911724390880724	1000
pheno_529	1198	11	0.173852158322196	0.777518518528115	1000
pheno_530	5568	11	0.251298362471578	0.973768066810454	1000
pheno_531	3061	11	0.233701766539407	0.939429742943565	1000
pheno_532	2769	11	0.236490295131688	0.941316347115025	1000
pheno_533	2801	11	0.254295427871711	0.945841150818119	1000
pheno_534	2767	11	0.254268450333819	0.927743742507271	1000
pheno_535	1856	11	0.249645713936407	0.857074220518223	1000
pheno_536	2417	11	0.263142032414828	0.888908969801001	1000
pheno_537	1980	11	0.275351579862743	0.876715453048687	1000
pheno_538	815	11	0.0757623729383274	0.650462310177333	1000
pheno_539	1854	11	0.168811191891697	0.862225368317685	1000
pheno_540	6840	11	0.278060330361403	0.985823376168306	1000
pheno_541	613	11	0.051010090572916	0.567037673117157	1000
pheno_542	1455	11	0.103571966017006	0.801849354303598	1000
pheno_543	1551	12	0.30113479369026	0.800399373121266	1000
pheno_544	2145	11	0.286831992486976	0.845034375425832	1000
pheno_545	2395	11	0.255369375897321	0.892206910835933	1000
pheno_546	7267	11	0.244628358554496	0.996227877586202	1000
pheno_547	4391	11	0.259102149954782	0.977907264312101	1000
pheno_548	2076	11	0.240421744565799	0.874747556272981	1000
pheno_549	2971	11	0.229185073818374	0.942641290407183	1000
pheno_550	867	11	0.52017047346731	0.705835546900512	1000
pheno_551	4801	11	0.24792308756755	0.981378128143536	1000
pheno_552	2652	11	0.249750870844746	0.926919642063652	1000
pheno_553	3624	12	0.277779892056997	0.963122569689544	1000
pheno_554	5108	11	0.300567218343164	0.980379624409995	1000
pheno_555	2868	12	0.198474990195901	0.958340457008965	1000
pheno_556	910	11	0.0457715256432142	0.674311504878742	1000
pheno_557	2082	11	0.218903206214256	0.852860091893258	1000
pheno_558	1578	11	0.228256400719868	0.814215454542563	1000
pheno_559	2774	11	0.282933644925742	0.957646316940645	1000
pheno_560	3868	12	0.244659017926444	0.950222385293599	1000
pheno_561	2409	11	0.504259173844871	0.873241180083759	1000
pheno_562	3195	11	0.249706346850522	0.912804585280166	1000
pheno_563	2689	11	0.236993366470678	0.882147986888471	1000
pheno_564	4525	11	0.246993644751168	0.986046655515154	1000
pheno_565	3135	11	0.242238740582955	0.965406692978244	1000
pheno_566	1268	11	0.140339055364953	0.770888671592034	1000
pheno_567	2101	11	0.464775825986285	0.854909536116716	1000
pheno_568	2783	11	0.180397001049324	0.942818056222359	1000
pheno_569	1085	11	0.276799270235984	0.701042356251241	1000
pheno_570	3033	11	0.255996885914262	0.941317281091995	1000
pheno_571	1379	11	0.16414115641484	0.780147863830872	1000
pheno_572	4362	11	0.249564986647511	0.970740100305651	1000
pheno_573	2554	11	0.238866084160943	0.915101064845266	1000
pheno_574	743	11	0.14876623788724	0.660188886541077	1000
pheno_575	835	11	0.0987466290917685	0.661942963133164	1000
pheno_576	478	11	0.0965214460554853	0.519927254850781	1000
pheno_577	4662	11	0.274261644870656	0.954094719127731	1000
pheno_578	1409	11	0.1781075704687	0.835959099563535	1000
pheno_579	2701	11	0.231114468825707	0.915128736694006	1000
pheno_580	5391	11	0.269717293787653	0.990786269376554	1000
pheno_581	3810	11	0.241543936002712	0.971687046209031	1000
pheno_582	4360	11	0.240648979840977	0.950600240347705	1000
pheno_583	385	11	0.329760726478424	0.616224899322181	1000
pheno_584	2579	11	0.309219841836528	0.937270207169991	1000
pheno_585	1727	11	0.229312287913176	0.863108389558323	1000
pheno_586	3239	11	0.274898044894253	0.912060906982231	1000
pheno_587	5169	11	0.262829519489035	0.986428131508469	1000
pheno_588	2260	11	0.246112486391058	0.914603225648184	1000
pheno_589	3343	11	0.247875666013489	0.942721655406373	1000
pheno_590	1553	11	0.549549325122938	0.808239128376185	1000
pheno_591	2778	11	0.229326391680521	0.91477040316083	1000
pheno_592	3148	11	0.24713118057559	0.963227656307301	1000
pheno_593	2756	11	0.27397454052701	0.959421777791636	1000
pheno_594	4095	11	0.249272676098952	0.975246652672516	1000
pheno_595	4210	11	0.285966948256324	0.981141044090709	1000
pheno_596	3795	11	0.255578261267506	0.979051361874331	1000
pheno_597	4119	11	0.246757355239066	0.961701714053379	1000
pheno_598	2516	11	0.311900349424277	0.876037325934728	1000
pheno_599	6336	11	0.268121582549598	0.974768393405294	1000
pheno_600	4086	11	0.238318749092606	0.957896468294129	1000
pheno_601	5634	13	0.280313523132503	0.957594295176461	1000
pheno_602	3006	11	0.246449273407643	0.90817747964803	1000
pheno_603	2288	11	0.240368941039208	0.88878183043229	1000
pheno_604	1197	11	0.352788266513467	0.731017904306726	1000
pheno_605	4172	11	0.233698217171464	0.972446121014296	1000
pheno_606	1451	11	0.287472650704308	0.788944192842472	1000
pheno_607	4736	11	0.235135599781732	0.955782355342253	1000
pheno_608	1660	11	0.175032855670841	0.826281480716022	1000
pheno_609	1670	11	0.242801246834551	0.866531736371621	1000
pheno_610	1098	11	0.0661060351863919	0.714961612810577	1000
pheno_611	4918	11	0.592818030810602	0.946249229098297	1000
pheno_612	991	11	0.169700125348594	0.691033483932669	1000
pheno_613	4338	11	0.657128277980442	0.932198738210561	1000
pheno_614	368	11	0.0611899167210467	0.415964994788812	1000
pheno_615	1632	11	0.23630649071098	0.832634691529778	1000
pheno_616	5819	11	0.27002024502954	0.974136076132821	1000
pheno_617	3130	11	0.240789865887927	0.963077607878054	1000
pheno_618	784	11	0.0868488687509798	0.645365694308066	1000
pheno_619	1985	11	0.257034235360786	0.864245229184194	1000
pheno_620	587	11	0.123860139907355	0.55631436519565	1000
pheno_621	9411	11	0.267013317514711	0.984560506243563	1000
pheno_622	4247	11	0.234272822059703	0.97495467857386	1000
pheno_623	4474	11	0.245228040914471	0.985772223895987	1000
pheno_624	3123	11	0.245664286883085	0.929960326086551	1000
pheno_625	3481	11	0.247763316321349	0.974941624411986	1000
pheno_626	1540	11	0.110778982244413	0.818912356278924	1000
pheno_627	6933	11	0.267950923986201	0.979564536397176	1000
pheno_628	806	11	0.0474313640882979	0.628328443199505	1000
pheno_629	1251	11	0.0754662896915088	0.745073133960573	1000
pheno_630	3911	11	0.270265252026687	0.966680300456957	1000
pheno_631	1965	11	0.276891769913811	0.906513914263823	1000
pheno_632	1691	11	0.250339129846137	0.849068576545812	1000
pheno_633	1878	11	0.262205321761525	0.863100447825792	1000
pheno_634	2842	11	0.246260470832276	0.9326382924791	1000
pheno_635	136	11	0.0426981399757913	0.199847173702117	1000
pheno_636	5922	11	0.25555663842428	0.98296637319618	1000
pheno_637	2282	11	0.252085238991477	0.935955217159639	1000
pheno_638	162	11	0.0206214717541187	0.202769185270314	1000
pheno_639	5096	11	0.272074753913005	0.987084055667744	1000
pheno_640	5566	11	0.258523125364952	0.963697156491113	1000
pheno_641	4777	11	0.237924661390683	0.987713025971321	1000
pheno_642	2866	11	0.240021328184045	0.961879976469836	1000
pheno_643	2116	11	0.245309308531188	0.913111838992267	1000
pheno_644	2016	11	0.254381249057375	0.883861449822825	1000
pheno_645	4807	11	0.257589069382949	0.950836800406948	1000
pheno_646	161	11	0.0455648296879513	0.204225468464723	1000
pheno_647	4033	11	0.240267607716129	0.981363025648329	1000
pheno_648	7647	11	0.264279846505584	0.996779112344362	1000
pheno_649	2447	11	0.265771742671142	0.896042587252738	1000
pheno_650	4834	11	0.261805807313959	0.98816601121248	1000
pheno_651	3555	11	0.275826157264257	0.924273496332434	1000
pheno_652	1282	11	0.0577901935020286	0.749799576524624	1000
pheno_653	766	11	0.117714167054193	0.633235895213298	1000
pheno_654	1841	11	0.171515819641628	0.831934646977746	1000
pheno_655	1635	11	0.281083152799214	0.872941431938511	1000
pheno_656	726	11	0.0367713314399562	0.584098146585496	1000
pheno_657	9188	11	0.246892543154799	0.997351105617629	1000
pheno_658	2760	11	0.691088908270305	0.890224339043797	1000
pheno_659	1875	11	0.637930533946438	0.841236592644025	1000
pheno_660	3169	11	0.237922514760027	0.929944194720013	1000
pheno_661	7228	11	0.283088679909446	0.990096126448014	1000
pheno_662	1687	11	0.161679585130069	0.818515840067338	1000
pheno_663	2868	11	0.494236103245595	0.898107897518711	1000
pheno_664	5007	11	0.253960210618082	0.981907438619896	1000
pheno_665	4034	11	0.263727477871248	0.983712538229966	1000
pheno_666	3728	11	0.249199678366762	0.961547188302487	1000
pheno_667	3733	11	0.628712596147399	0.924480655065578	1000
pheno_668	1472	11	0.248230645407777	0.824174361862666	1000
pheno_669	3476	11	0.236053644417869	0.945086678102709	1000
pheno_670	6029	11	0.281415383109221	0.966140641951252	1000
pheno_671	2827	11	0.286556496749577	0.902536409585189	1000
pheno_672	2193	11	0.259122984896887	0.900555927256271	1000
pheno_673	688	11	0.63817898771534	0.862913051268406	1000
pheno_674	2545	11	0.294312423317448	0.924848611326677	1000
pheno_675	4260	11	0.263161850213483	0.964914628993909	1000
pheno_676	2449	11	0.252109103429056	0.915117061606059	1000
pheno_677	3590	11	0.254604688967741	0.9729195515535	1000
pheno_678	3478	11	0.248772596854743	0.961602828588955	1000
pheno_679	3947	11	0.26879487050249	0.972654384945981	1000
pheno_680	3023	11	0.464068619091623	0.895264578458573	1000
pheno_681	1317	11	0.142393077423882	0.769876811501588	1000
pheno_682	962	12	0.0476618942298089	0.702956765982989	1000
pheno_683	305	13	0.0730890727420277	0.396742935847951	1000
pheno_684	5741	11	0.255269929810649	0.992601136216627	1000
pheno_685	2573	11	0.258549033604146	0.917615841821134	1000
pheno_686	2393	11	0.241377154775592	0.911114517602094	1000
pheno_687	2044	11	0.235991759466668	0.882198915544922	1000
pheno_688	3086	11	0.638981978565282	0.897880580609159	1000
pheno_689	1682	11	0.247037941741119	0.87295362223494	1000
pheno_690	3247	11	0.241313349562934	0.953257698061189	1000
pheno_691	5013	12	0.240439568406132	0.959904594269349	1000
pheno_692	2178	11	0.216783353854222	0.874158836942546	1000
pheno_693	3427	11	0.250455738261585	0.95587811605536	1000
pheno_694	4462	12	0.242811819818685	0.983567801192946	1000
pheno_695	7017	11	0.262653948689865	0.995502154646319	1000
pheno_696	1493	11	0.106780006106406	0.815381734769494	1000
pheno_697	2820	11	0.258652347486643	0.957752646145704	1000
pheno_698	240	11	0.455321074569348	0.646269889100362	1000
pheno_699	695	11	0.0582726525100572	0.581121992632568	1000
pheno_700	3665	11	0.260493536681921	0.969496378784724	1000
pheno_701	2400	11	0.269404082848169	0.857752740262682	1000
pheno_702	693	11	0.493614352575374	0.816895390831773	1000
pheno_703	10159	11	0.246531006413221	0.998134719332852	1000
pheno_704	3214	11	0.244703736008104	0.940522620999525	1000
pheno_705	3010	11	0.255743447676686	0.958810667675172	1000
pheno_706	3379	11	0.264859821456889	0.960338840029233	1000
pheno_707	1017	11	0.0651710681079783	0.703497049652645	1000
pheno_708	4067	11	0.259834514095892	0.952937743592647	1000
pheno_709	1855	11	0.252053265000343	0.813318787049641	1000
pheno_710	2796	11	0.239739489728113	0.934898702073399	1000
pheno_711	219	11	0.0753283302719138	0.33364009386666	1000
pheno_712	2853	11	0.232498498815125	0.95601365266408	1000
pheno_713	3354	11	0.476904192602038	0.898460806819489	1000
pheno_714	7464	11	0.261102121375059	0.995199238869421	1000
pheno_715	1635	11	0.444938497344253	0.813417658142626	1000
pheno_716	81	11	0.0392439928439268	0.141676389099897	1000
pheno_717	7365	13	0.616476847813631	0.969222208452959	1000
pheno_718	1324	11	0.455268768325314	0.757050414849486	1000
pheno_719	5490	11	0.260350383298764	0.98381644353045	1000
pheno_720	1683	11	0.175904962870771	0.824477209830979	1000
pheno_721	1061	11	0.0292490762480133	0.690884172094255	1000
pheno_722	2400	11	0.284949463823792	0.929577143492124	1000
pheno_723	2647	11	0.252763574850811	0.936733618603111	1000
pheno_724	3786	11	0.262964880715234	0.974662738869816	1000
pheno_725	3664	11	0.310270599317411	0.975321638669022	1000
pheno_726	1095	11	0.0429401358944212	0.737694598539152	1000
pheno_727	2917	11	0.246440541149413	0.949019719328883	1000
pheno_728	1067	11	0.0421388120647993	0.700949576752345	1000
pheno_729	5742	11	0.496540831984857	0.958958262362464	1000
pheno_730	3011	11	0.552285148488127	0.887136148586798	1000
pheno_731	2990	11	0.269932510195523	0.950559434047616	1000
pheno_732	2241	16	0.48319257684679	0.861653174785954	1000
pheno_733	6152	11	0.279771014443795	0.992522081620503	1000
pheno_734	2878	11	0.249367122127919	0.938304170684372	1000
pheno_735	5430	11	0.273912053814632	0.985258719369962	1000
pheno_736	2467	11	0.254812288641009	0.92807272498926	1000
pheno_737	730	11	0.0977646349518601	0.663472707447427	1000
pheno_738	3192	11	0.236047406081169	0.906017007130248	1000
pheno_739	3442	11	0.23940786838375	0.967167652187529	1000
pheno_740	1235	11	0.16153393263767	0.785113910004348	1000
pheno_741	2550	11	0.246185655956562	0.904652359127419	1000
pheno_742	6236	11	0.257849537280596	0.97880284219933	1000
pheno_743	780	14	0.313602851270064	0.758477498462987	1000
pheno_744	537	11	0.0750372009507108	0.504815819915829	1000
pheno_745	5393	11	0.266957221026535	0.990800023226304	1000
pheno_746	2873	11	0.231661508363777	0.940022966253225	1000
pheno_747	4238	11	0.252720270056496	0.983492034534267	1000
pheno_748	6913	12	0.475105883563502	0.972712235783602	1000
pheno_749	6873	13	0.248043495123501	0.988707792971684	1000
pheno_750	2934	11	0.267563497994094	0.945023650452766	1000
pheno_751	1403	11	0.220656761153736	0.804308908191294	1000
pheno_752	2867	11	0.242650519315382	0.947586252496524	1000
pheno_753	872	11	0.0322773909250885	0.633907698745178	1000
pheno_754	3245	11	0.217639707668786	0.928565433516027	1000
pheno_755	7044	11	0.243328616860573	0.994228500343592	1000
pheno_756	4309	13	0.265157364664706	0.984041190384619	1000
pheno_757	2326	11	0.649446483995819	0.867116897774361	1000
pheno_758	5614	15	0.264609829620293	0.991932746460732	1000
pheno_759	197	11	0.157448936356744	0.395510567343803	1000
pheno_760	8322	11	0.277974431335855	0.997606499585358	1000
pheno_761	2909	11	0.275301495637715	0.892034930075891	1000
pheno_762	2798	11	0.282348616578468	0.933923460744863	1000
pheno_763	1840	11	0.24796488880436	0.866814813964956	1000
pheno_764	1887	11	0.257866376761103	0.890551756083892	1000
pheno_765	5233	11	0.254848833858177	0.990197764309665	1000
pheno_766	430	11	0.102262638755416	0.47432657583466	1000
pheno_767	7456	11	0.272032399282858	0.996563249636235	1000
pheno_768	590	11	0.0833628107068322	0.586243099060068	1000
pheno_769	2062	11	0.26136081526257	0.842839737706793	1000
pheno_770	2607	11	0.246153863929315	0.929126802386075	1000
pheno_771	2747	11	0.251863556956238	0.925726692405357	1000
pheno_772	513	11	0.0208144724886624	0.469794419536805	1000
pheno_773	3197	11	0.236016572352753	0.95914921829228	1000
pheno_774	1519	11	0.237831041767538	0.778306303441817	1000
pheno_775	2632	11	0.208660310402488	0.928596816216978	1000
pheno_776	4548	11	0.249201640112241	0.96471196272844	1000
pheno_777	2716	11	0.211241763692321	0.933108221062627	1000
pheno_778	1349	11	0.167715190093124	0.796751491227496	1000
pheno_779	2438	11	0.627911395578922	0.885639472950833	1000
pheno_780	6394	11	0.270874135742601	0.993313920920015	1000
pheno_781	645	11	0.031632814887858	0.557523016243717	1000
pheno_782	1317	11	0.281096224447371	0.825634584873777	1000
pheno_783	1623	11	0.231855273922772	0.8390398478732	1000
pheno_784	2425	11	0.224988959665352	0.92334223295117	1000
pheno_785	5893	11	0.285706378536329	0.970781556797957	1000
pheno_786	3295	11	0.234518986837031	0.967080517900953	1000
pheno_787	2959	11	0.251748613836911	0.940995743950597	1000
pheno_788	6315	11	0.238140395124741	0.985726007942342	1000
pheno_789	1938	11	0.280807870793546	0.851362092070883	1000
pheno_790	1630	11	0.16768484076511	0.84628508629762	1000
pheno_791	848	11	0.422779573574117	0.674128815537532	1000
pheno_792	4676	11	0.273683778965282	0.971723276885686	1000
pheno_793	4023	11	0.444810562993557	0.934144956052849	1000
pheno_794	4279	11	0.220074487259021	0.969684588373181	1000
pheno_795	1726	11	0.248053877968336	0.859300306438429	1000
pheno_796	8075	11	0.264410420731221	0.994755982950975	1000
pheno_797	3858	13	0.281753062528936	0.965644617616479	1000
pheno_798	751	11	0.0227286877472772	0.608347202896077	1000
pheno_799	2784	11	0.2641114749179	0.899044747149919	1000
pheno_800	1564	11	0.242549049138562	0.854725257842482	1000
pheno_801	2424	11	0.251485656806301	0.91656700414335	1000
pheno_802	4010	14	0.237567502025182	0.951112046409873	1000
pheno_803	6602	15	0.607519992334249	0.967058811810992	1000
pheno_804	1693	11	0.161978510866843	0.842877352568337	1000
pheno_805	3161	11	0.238916954311229	0.961802283263972	1000
pheno_806	5103	15	0.251410162696392	0.989772685695078	1000
pheno_807	3862	11	0.232000761599204	0.96142539280802	1000
pheno_808	1997	11	0.255155764254589	0.873983582598955	1000
pheno_809	3757	11	0.229051919187847	0.966037929374823	1000
pheno_810	819	11	0.0827626625750032	0.61464222169192	1000
pheno_811	5504	11	0.280337631753848	0.99207357432066	1000
pheno_812	6539	11	0.2734389048676	0.984148294446928	1000
pheno_813	3441	11	0.261968712918454	0.970114468103092	1000
pheno_814	1947	11	0.575277547195011	0.849873078081844	1000
pheno_815	1854	11	0.273428109049181	0.873627984219975	1000
pheno_816	5191	11	0.258769229604253	0.982985633886293	1000
pheno_817	11698	11	0.23820990116371	0.991996326832044	1000
pheno_818	5429	11	0.279094189402166	0.990265131113003	1000
pheno_819	4082	12	0.448825613037106	0.936076895197819	1000
pheno_820	6080	11	0.292907443427934	0.99247331883532	1000
pheno_821	2765	11	0.25600176167208	0.945410374729429	1000
pheno_822	3433	11	0.252612113252726	0.969984824694005	1000
pheno_823	4394	11	0.288836615227205	0.98300615058779	1000
pheno_824	3918	11	0.257164002366367	0.980372805115838	1000
pheno_825	2539	11	0.24484817120089	0.940477733093872	1000
pheno_826	884	11	0.130209010397168	0.695560844806287	1000
pheno_827	3518	11	0.240600939514706	0.959591000818964	1000
pheno_828	1887	11	0.250102879277197	0.853436322002189	1000
pheno_829	5737	11	0.279788986938405	0.990182063361139	1000
pheno_830	4027	11	0.606720259656218	0.931696448896071	1000
pheno_831	3124	11	0.24580273816728	0.922142173407512	1000
pheno_832	1146	11	0.182599684277657	0.751292074061592	1000
pheno_833	1204	11	0.21072288958051	0.718020492071049	1000
pheno_834	901	11	0.0360915577338598	0.683921357710036	1000
pheno_835	2401	11	0.270009261319588	0.916721591925151	1000
pheno_836	4935	11	0.293028901241458	0.972425743160536	1000
pheno_837	2910	11	0.385968801753052	0.892810605767332	1000
pheno_838	944	11	0.639766590525513	0.762443376941025	1000
pheno_839	176	11	0.0653764147947502	0.245476974798893	1000
pheno_840	1198	11	0.481176083327399	0.761220795996746	1000
pheno_841	2998	11	0.234792415719357	0.929002359133261	1000
pheno_842	3254	11	0.259204269002942	0.966816647761198	1000
pheno_843	4621	11	0.261398031509872	0.987801302697792	1000
pheno_844	3180	11	0.260812029643605	0.957400510680722	1000
pheno_845	2994	11	0.223719737509719	0.949529466691429	1000
pheno_846	556	11	0.682064987093897	0.876002608430091	1000
pheno_847	2841	11	0.276655202393002	0.929027012058616	1000
pheno_848	2067	11	0.264100748252818	0.879683138964	1000
pheno_849	6340	11	0.274723423391984	0.994842594095549	1000
pheno_850	1366	16	0.30440667288245	0.753050820234406	1000
pheno_851	1882	11	0.241276003536064	0.893311250689814	1000
pheno_852	5189	13	0.2620330964696	0.966605023380294	1000
pheno_853	3720	11	0.247997787713341	0.976168834865628	1000
pheno_854	5144	11	0.265037455543216	0.970070071332569	1000
pheno_855	1228	11	0.181471971131524	0.712388023150679	1000
pheno_856	509	12	0.0453035512359978	0.511397509772441	1000
pheno_857	1332	11	0.181813807089216	0.786021438933484	1000
pheno_858	1101	12	0.243894972936631	0.712205344469691	1000
pheno_859	1917	11	0.17629012997003	0.869005407104604	1000
pheno_860	3653	11	0.240349708076089	0.968737534973421	1000
pheno_861	1616	11	0.245535152601739	0.868731185640216	1000
pheno_862	3329	11	0.226621935746656	0.967673179619325	1000
pheno_863	918	11	0.0629201713468036	0.665933101458822	1000
pheno_864	3338	11	0.252486292201833	0.965096981110257	1000
pheno_865	4738	11	0.266282712461277	0.970226309231698	1000
pheno_866	2681	11	0.260063538798761	0.933791265047302	1000
pheno_867	3899	12	0.257652686952301	0.978723957207488	1000
pheno_868	2890	11	0.245940852740803	0.958047187030331	1000
pheno_869	591	11	0.065857587056221	0.533865004513369	1000
pheno_870	4003	11	0.237543125237342	0.950762516737099	1000
pheno_871	2543	11	0.258430886450368	0.907297060640431	1000
pheno_872	955	11	0.0909078188974906	0.697855912218991	1000
pheno_873	2878	11	0.264165357782894	0.889165591474649	1000
pheno_874	2374	11	0.238514315154804	0.923216196141451	1000
pheno_875	3699	11	0.238312616053149	0.954735951125521	1000
pheno_876	3325	11	0.268492543750948	0.967953671357026	1000
pheno_877	1773	11	0.229863972583713	0.841881249198691	1000
pheno_878	2152	11	0.252255502257165	0.917728193686168	1000
pheno_879	2862	11	0.235675139921191	0.95771253739275	1000
pheno_880	1578	11	0.184348171262306	0.813906766210123	1000
pheno_881	4102	14	0.253970058935397	0.952700058386198	1000
pheno_882	1835	11	0.158087211265504	0.850645262300246	1000
pheno_883	8655	11	0.247568019007851	0.988557903139411	1000
pheno_884	3523	11	0.222982373610812	0.961153738593609	1000
pheno_885	5697	11	0.266716541042426	0.993420449553161	1000
pheno_886	5623	11	0.292320476029034	0.960695987120282	1000
pheno_887	1796	11	0.193081108647356	0.833315544973909	1000
pheno_888	1080	11	0.124723819785536	0.776069006892124	1000
pheno_889	3617	11	0.269239654808908	0.957848986705552	1000
pheno_890	5419	13	0.241632213480923	0.983649340372074	1000
pheno_891	1132	11	0.150122585610056	0.736686476838864	1000
pheno_892	1327	11	0.284996983435948	0.739421287426855	1000
pheno_893	1674	11	0.279962069832704	0.822883826751689	1000
pheno_894	6611	11	0.266726289969638	0.994779527322052	1000
pheno_895	3086	11	0.250172420376571	0.957044637302383	1000
pheno_896	264	11	0.672563069786969	0.808665021622513	1000
pheno_897	2799	11	0.2738685028675	0.949766678158424	1000
pheno_898	657	11	0.0910630018851271	0.595626821224601	1000
pheno_899	1764	11	0.332899994052748	0.821380255609555	1000
pheno_900	1321	11	0.152068915541622	0.797617525529246	1000
pheno_901	2996	11	0.25132805876493	0.945279980178588	1000
pheno_902	159	17	0.0583155668451857	0.245288834679342	1000
pheno_903	4609	12	0.247893460528529	0.971412776017061	1000
pheno_904	3880	11	0.245697396677394	0.975929310427086	1000
pheno_905	3483	11	0.23984996025872	0.965644832352474	1000
pheno_906	6752	11	0.274253360402181	0.994954119768782	1000
pheno_907	2217	11	0.234747209423741	0.887223163381057	1000
pheno_908	591	11	0.0216575991426889	0.500557395843359	1000
pheno_909	1884	11	0.186944107618633	0.883583349783143	1000
pheno_910	3319	11	0.241073953584423	0.970109008150833	1000
pheno_911	4180	11	0.264587205023176	0.974230494532549	1000
pheno_912	947	11	0.0395215399513394	0.676526050417059	1000
pheno_913	6673	11	0.267298314476448	0.984333727624191	1000
pheno_914	2107	11	0.296088342158072	0.866140325658744	1000
pheno_915	4186	12	0.265586668780407	0.973759001780102	1000
pheno_916	4160	14	0.280065075723808	0.972341877292222	1000
pheno_917	2655	11	0.245061690226134	0.945006361188562	1000
pheno_918	7684	11	0.265210764743677	0.994496269535646	1000
pheno_919	692	11	0.110712634582762	0.585089701579967	1000
pheno_920	980	11	0.147386567164431	0.700104383572396	1000
pheno_921	2803	11	0.220993380678136	0.914650084389875	1000
pheno_922	2158	11	0.245271331788112	0.866941606058792	1000
pheno_923	1008	11	0.061985892013735	0.685365143667079	1000
pheno_924	395	11	0.053486506995951	0.423787942798953	1000
pheno_925	1202	12	0.0522401141099679	0.720548293663599	1000
pheno_926	3411	11	0.249541844001876	0.944935104841072	1000
pheno_927	1942	11	0.239239884935184	0.870425745063371	1000
pheno_928	2988	11	0.271328981067595	0.940716552699546	1000
pheno_929	3578	11	0.260751384121086	0.967849991487831	1000
pheno_930	2230	11	0.209344140218695	0.89703881210159	1000
pheno_931	3007	11	0.23321345145138	0.964962912792588	1000
pheno_932	4840	15	0.257252549301994	0.969126478525006	1000
pheno_933	2912	11	0.182666063040002	0.919517117280247	1000
pheno_934	2232	11	0.262362084605878	0.869786630697785	1000
pheno_935	2273	11	0.289829376942669	0.902479898560345	1000
pheno_936	3621	15	0.276284587081047	0.962311303300912	1000
pheno_937	2331	11	0.275204766357428	0.926167181627746	1000
pheno_938	1899	11	0.246792412762111	0.839250441851815	1000
pheno_939	6434	12	0.267421502578588	0.988790215900279	1000
pheno_940	2750	11	0.259309289924632	0.93440490401328	1000
pheno_941	5164	11	0.256664908355035	0.989543862188504	1000
pheno_942	730	11	0.0393519511634349	0.59243518202672	1000
pheno_943	1631	11	0.18598624808734	0.842198773387444	1000
pheno_944	2295	11	0.252096215179269	0.911932081203147	1000
pheno_945	940	11	0.0982641690623546	0.681313309466711	1000
pheno_946	3758	14	0.277205494966679	0.971874831533889	1000
pheno_947	2953	11	0.237370240571003	0.944296583734741	1000
pheno_948	5651	11	0.49576544199912	0.967250465404874	1000
pheno_949	4229	11	0.236693311143848	0.976666996008636	1000
pheno_950	3464	11	0.255165827133367	0.972543333396957	1000
pheno_951	1796	11	0.105577334884429	0.837506685615949	1000
pheno_952	1680	11	0.248459124210922	0.843803701513289	1000
pheno_953	3501	11	0.247743591141622	0.949905264190834	1000
pheno_954	3096	11	0.424986995526779	0.899437603186022	1000
pheno_955	290	11	0.0443869476136611	0.331279474419136	1000
pheno_956	2058	11	0.260047860578297	0.911621988199068	1000
pheno_957	3053	11	0.263487701387683	0.918721452179007	1000
pheno_958	2160	11	0.119900833572839	0.872011673492635	1000
pheno_959	898	11	0.0525116291893843	0.638391258746928	1000
pheno_960	5437	11	0.235813765561009	0.985826844418233	1000
pheno_961	4767	11	0.272751909118361	0.978631044731339	1000
pheno_962	2015	11	0.21898293457388	0.881683055703427	1000
pheno_963	966	11	0.101469693459502	0.694385775985939	1000
pheno_964	2787	11	0.289408520174094	0.95677794081802	1000
pheno_965	5154	11	0.537294069331982	0.961379070821305	1000
pheno_966	1715	11	0.280016243613723	0.856551625679903	1000
pheno_967	1221	11	0.0695077772185916	0.750750931645896	1000
pheno_968	6693	13	0.281806265595193	0.992027140236801	1000
pheno_969	9896	11	0.249431305935735	0.986540804355322	1000
pheno_970	5657	11	0.278063886445454	0.985439056318365	1000
pheno_971	3993	13	0.271721390350436	0.964601223052267	1000
pheno_972	3115	13	0.254010957000066	0.958421057524236	1000
pheno_973	1801	11	0.539117863269253	0.846009674060701	1000
pheno_974	2554	11	0.270305379351597	0.899368423970822	1000
pheno_975	4442	11	0.250300571821139	0.962861731052251	1000
pheno_976	2162	11	0.262936067369893	0.920028509018374	1000
pheno_977	1304	11	0.202415320979579	0.795108746072761	1000
pheno_978	2101	11	0.392685073873125	0.834617088323358	1000
pheno_979	1381	11	0.206725277599345	0.804070402658561	1000
pheno_980	7670	11	0.280667102406983	0.995450010235447	1000
pheno_981	8614	11	0.251788614777076	0.991008598234613	1000
pheno_982	4410	11	0.310382509718927	0.95221223140495	1000
pheno_983	111	11	0.117862321467671	0.262333861620949	1000
pheno_984	3760	11	0.248772502639515	0.97809300215617	1000
pheno_985	1384	11	0.25182330476808	0.790610694014894	1000
pheno_986	3240	11	0.447937020842283	0.898948754897843	1000
pheno_987	3391	11	0.267956372220792	0.967402055745454	1000
pheno_988	3760	12	0.567555792453391	0.925831004420768	1000
pheno_989	2089	11	0.215457891617299	0.908931143046762	1000
pheno_990	1911	11	0.284239890284212	0.825571831807954	1000
pheno_991	2437	11	0.231766460558998	0.934672603811958	1000
pheno_992	1136	11	0.306805942930477	0.720743261402072	1000
pheno_993	3242	11	0.267132954972734	0.959138872435065	1000
pheno_994	133	11	0.0399358851216787	0.197157281036899	1000
pheno_995	4057	11	0.239704660040768	0.980143294680393	1000
pheno_996	2499	11	0.272200066838988	0.935832372163443	1000
pheno_997	970	11	0.0557048618893757	0.684699679082312	1000
pheno_998	1783	11	0.181844677206067	0.861960621361065	1000
pheno_999	1160	11	0.159782976730945	0.711327261138173	1000
pheno_1000	6072	11	0.268698705393044	0.99336110005757	1000
